District1,District2
AP_Anantapur,AP_Chittoor
AP_Anantapur,AP_Kurnool
AP_Anantapur,AP_Y.S.R. Kadapa
AP_Anantapur,KA_Ballari
AP_Anantapur,KA_Chikkaballapura
AP_Anantapur,KA_Chitradurga
AP_Anantapur,KA_Tumakuru
AP_Chittoor,AP_Anantapur
AP_Chittoor,AP_S.P.S. Nellore
AP_Chittoor,AP_Y.S.R. Kadapa
AP_Chittoor,KA_Chikkaballapura
AP_Chittoor,KA_Kolar
AP_Chittoor,TN_Krishnagiri
AP_Chittoor,TN_Thiruvallur
AP_Chittoor,TN_Vellore
AP_East Godavari,AP_Visakhapatnam
AP_East Godavari,AP_West Godavari
AP_East Godavari,CT_Sukma
AP_East Godavari,OR_Malkangiri
AP_East Godavari,TG_Telangana
AP_Guntur,AP_Krishna
AP_Guntur,AP_Prakasam
AP_Guntur,TG_Telangana
AP_Krishna,AP_Guntur
AP_Krishna,AP_West Godavari
AP_Krishna,TG_Telangana
AP_Kurnool,AP_Anantapur
AP_Kurnool,AP_Prakasam
AP_Kurnool,AP_Y.S.R. Kadapa
AP_Kurnool,KA_Ballari
AP_Kurnool,KA_Raichur
AP_Kurnool,TG_Telangana
AP_Prakasam,AP_Guntur
AP_Prakasam,AP_Kurnool
AP_Prakasam,AP_S.P.S. Nellore
AP_Prakasam,AP_Y.S.R. Kadapa
AP_Prakasam,TG_Telangana
AP_S.P.S. Nellore,AP_Chittoor
AP_S.P.S. Nellore,AP_Prakasam
AP_S.P.S. Nellore,AP_Y.S.R. Kadapa
AP_S.P.S. Nellore,TN_Thiruvallur
AP_Srikakulam,AP_Vizianagaram
AP_Srikakulam,OR_Gajapati
AP_Srikakulam,OR_Ganjam
AP_Srikakulam,OR_Rayagada
AP_Visakhapatnam,AP_East Godavari
AP_Visakhapatnam,AP_Vizianagaram
AP_Visakhapatnam,OR_Koraput
AP_Visakhapatnam,OR_Malkangiri
AP_Vizianagaram,AP_Srikakulam
AP_Vizianagaram,AP_Visakhapatnam
AP_Vizianagaram,OR_Koraput
AP_Vizianagaram,OR_Rayagada
AP_West Godavari,AP_East Godavari
AP_West Godavari,AP_Krishna
AP_West Godavari,TG_Telangana
AP_Y.S.R. Kadapa,AP_Anantapur
AP_Y.S.R. Kadapa,AP_Chittoor
AP_Y.S.R. Kadapa,AP_Kurnool
AP_Y.S.R. Kadapa,AP_Prakasam
AP_Y.S.R. Kadapa,AP_S.P.S. Nellore
AR_Anjaw,AR_Changlang
AR_Anjaw,AR_Lohit
AR_Changlang,AR_Anjaw
AR_Changlang,AR_Lohit
AR_Changlang,AR_Namsai
AR_Changlang,AR_Tirap
AR_Changlang,AS_Assam
AR_East Kameng,AR_Kurung Kumey
AR_East Kameng,AR_Pakke Kessang
AR_East Kameng,AR_Papum Pare
AR_East Kameng,AR_Tawang
AR_East Kameng,AR_West Kameng
AR_East Siang,AR_Lower Dibang Valley
AR_East Siang,AR_Lower Siang
AR_East Siang,AR_Siang
AR_East Siang,AR_Upper Siang
AR_East Siang,AS_Assam
AR_Kamle,AR_Kra Daadi
AR_Kamle,AR_Lower Siang
AR_Kamle,AR_Lower Subansiri
AR_Kamle,AR_Papum Pare
AR_Kamle,AR_Upper Subansiri
AR_Kamle,AS_Assam
AR_Kra Daadi,AR_Kamle
AR_Kra Daadi,AR_Kurung Kumey
AR_Kra Daadi,AR_Lower Subansiri
AR_Kra Daadi,AR_Papum Pare
AR_Kra Daadi,AR_Upper Subansiri
AR_Kurung Kumey,AR_East Kameng
AR_Kurung Kumey,AR_Kra Daadi
AR_Kurung Kumey,AR_Papum Pare
AR_Kurung Kumey,AR_Upper Subansiri
AR_Lepa Rada,AR_Lower Siang
AR_Lepa Rada,AR_Upper Subansiri
AR_Lepa Rada,AR_West Siang
AR_Lohit,AR_Anjaw
AR_Lohit,AR_Changlang
AR_Lohit,AR_Lower Dibang Valley
AR_Lohit,AR_Namsai
AR_Lohit,AS_Assam
AR_Longding,AR_Tirap
AR_Longding,AS_Assam
AR_Longding,NL_Mon
AR_Lower Dibang Valley,AR_East Siang
AR_Lower Dibang Valley,AR_Lohit
AR_Lower Dibang Valley,AR_Upper Dibang Valley
AR_Lower Dibang Valley,AR_Upper Siang
AR_Lower Dibang Valley,AS_Assam
AR_Lower Siang,AR_East Siang
AR_Lower Siang,AR_Kamle
AR_Lower Siang,AR_Lepa Rada
AR_Lower Siang,AR_Siang
AR_Lower Siang,AR_Upper Subansiri
AR_Lower Siang,AR_West Siang
AR_Lower Siang,AS_Assam
AR_Lower Subansiri,AR_Kamle
AR_Lower Subansiri,AR_Kra Daadi
AR_Lower Subansiri,AR_Papum Pare
AR_Namsai,AR_Changlang
AR_Namsai,AR_Lohit
AR_Namsai,AS_Assam
AR_Pakke Kessang,AR_East Kameng
AR_Pakke Kessang,AR_Papum Pare
AR_Pakke Kessang,AR_West Kameng
AR_Pakke Kessang,AS_Assam
AR_Papum Pare,AR_East Kameng
AR_Papum Pare,AR_Kamle
AR_Papum Pare,AR_Kra Daadi
AR_Papum Pare,AR_Kurung Kumey
AR_Papum Pare,AR_Lower Subansiri
AR_Papum Pare,AR_Pakke Kessang
AR_Papum Pare,AS_Assam
AR_Shi Yomi,AR_Siang
AR_Shi Yomi,AR_Upper Siang
AR_Shi Yomi,AR_Upper Subansiri
AR_Shi Yomi,AR_West Siang
AR_Siang,AR_East Siang
AR_Siang,AR_Lower Siang
AR_Siang,AR_Shi Yomi
AR_Siang,AR_Upper Siang
AR_Siang,AR_West Siang
AR_Tawang,AR_East Kameng
AR_Tawang,AR_West Kameng
AR_Tirap,AR_Changlang
AR_Tirap,AR_Longding
AR_Tirap,AS_Assam
AR_Upper Dibang Valley,AR_Lower Dibang Valley
AR_Upper Dibang Valley,AR_Upper Siang
AR_Upper Siang,AR_East Siang
AR_Upper Siang,AR_Lower Dibang Valley
AR_Upper Siang,AR_Shi Yomi
AR_Upper Siang,AR_Siang
AR_Upper Siang,AR_Upper Dibang Valley
AR_Upper Subansiri,AR_Kamle
AR_Upper Subansiri,AR_Kra Daadi
AR_Upper Subansiri,AR_Kurung Kumey
AR_Upper Subansiri,AR_Lepa Rada
AR_Upper Subansiri,AR_Lower Siang
AR_Upper Subansiri,AR_Shi Yomi
AR_Upper Subansiri,AR_West Siang
AR_West Kameng,AR_East Kameng
AR_West Kameng,AR_Pakke Kessang
AR_West Kameng,AR_Tawang
AR_West Kameng,AS_Assam
AR_West Siang,AR_Lepa Rada
AR_West Siang,AR_Lower Siang
AR_West Siang,AR_Shi Yomi
AR_West Siang,AR_Siang
AR_West Siang,AR_Upper Subansiri
AS_Assam,AR_Changlang
AS_Assam,AR_East Siang
AS_Assam,AR_Kamle
AS_Assam,AR_Lohit
AS_Assam,AR_Longding
AS_Assam,AR_Lower Dibang Valley
AS_Assam,AR_Lower Siang
AS_Assam,AR_Namsai
AS_Assam,AR_Pakke Kessang
AS_Assam,AR_Papum Pare
AS_Assam,AR_Tirap
AS_Assam,AR_West Kameng
AS_Assam,AS_Assam
AS_Assam,ML_East Jaintia Hills
AS_Assam,ML_North Garo Hills
AS_Assam,ML_Ribhoi
AS_Assam,ML_South West Garo Hills
AS_Assam,ML_West Garo Hills
AS_Assam,ML_West Jaintia Hills
AS_Assam,ML_West Khasi Hills
AS_Assam,MN_Manipur
AS_Assam,MZ_Aizawl
AS_Assam,MZ_Kolasib
AS_Assam,MZ_Mamit
AS_Assam,NL_Dimapur
AS_Assam,NL_Kohima
AS_Assam,NL_Longleng
AS_Assam,NL_Mokokchung
AS_Assam,NL_Mon
AS_Assam,NL_Peren
AS_Assam,NL_Wokha
AS_Assam,TR_North Tripura
AS_Assam,WB_Alipurduar
AS_Assam,WB_Cooch Behar
BR_Araria,BR_Kishanganj
BR_Araria,BR_Madhepura
BR_Araria,BR_Purnia
BR_Araria,BR_Supaul
BR_Arwal,BR_Aurangabad
BR_Arwal,BR_Bhojpur
BR_Arwal,BR_Gaya
BR_Arwal,BR_Jehanabad
BR_Arwal,BR_Patna
BR_Arwal,BR_Rohtas
BR_Aurangabad,BR_Arwal
BR_Aurangabad,BR_Gaya
BR_Aurangabad,BR_Rohtas
BR_Aurangabad,JH_Palamu
BR_Banka,BR_Bhagalpur
BR_Banka,BR_Jamui
BR_Banka,BR_Munger
BR_Banka,JH_Deoghar
BR_Banka,JH_Dumka
BR_Banka,JH_Godda
BR_Begusarai,BR_Khagaria
BR_Begusarai,BR_Lakhisarai
BR_Begusarai,BR_Munger
BR_Begusarai,BR_Patna
BR_Begusarai,BR_Samastipur
BR_Bhagalpur,BR_Banka
BR_Bhagalpur,BR_Katihar
BR_Bhagalpur,BR_Khagaria
BR_Bhagalpur,BR_Madhepura
BR_Bhagalpur,BR_Munger
BR_Bhagalpur,BR_Purnia
BR_Bhagalpur,JH_Godda
BR_Bhagalpur,JH_Sahibganj
BR_Bhojpur,BR_Arwal
BR_Bhojpur,BR_Buxar
BR_Bhojpur,BR_Patna
BR_Bhojpur,BR_Rohtas
BR_Bhojpur,BR_Saran
BR_Bhojpur,UP_Ballia
BR_Buxar,BR_Bhojpur
BR_Buxar,BR_Kaimur
BR_Buxar,BR_Rohtas
BR_Buxar,UP_Ballia
BR_Buxar,UP_Ghazipur
BR_Darbhanga,BR_Madhubani
BR_Darbhanga,BR_Muzaffarpur
BR_Darbhanga,BR_Saharsa
BR_Darbhanga,BR_Samastipur
BR_Darbhanga,BR_Sitamarhi
BR_East Champaran,BR_Gopalganj
BR_East Champaran,BR_Muzaffarpur
BR_East Champaran,BR_Sheohar
BR_East Champaran,BR_Sitamarhi
BR_East Champaran,BR_West Champaran
BR_Gaya,BR_Arwal
BR_Gaya,BR_Aurangabad
BR_Gaya,BR_Jehanabad
BR_Gaya,BR_Nalanda
BR_Gaya,BR_Nawada
BR_Gaya,JH_Chatra
BR_Gaya,JH_Hazaribagh
BR_Gaya,JH_Koderma
BR_Gaya,JH_Palamu
BR_Gopalganj,BR_East Champaran
BR_Gopalganj,BR_Muzaffarpur
BR_Gopalganj,BR_Saran
BR_Gopalganj,BR_Siwan
BR_Gopalganj,BR_West Champaran
BR_Gopalganj,UP_Deoria
BR_Gopalganj,UP_Kushinagar
BR_Jamui,BR_Banka
BR_Jamui,BR_Lakhisarai
BR_Jamui,BR_Munger
BR_Jamui,BR_Nawada
BR_Jamui,BR_Sheikhpura
BR_Jamui,JH_Deoghar
BR_Jamui,JH_Giridih
BR_Jehanabad,BR_Arwal
BR_Jehanabad,BR_Gaya
BR_Jehanabad,BR_Nalanda
BR_Jehanabad,BR_Patna
BR_Kaimur,BR_Buxar
BR_Kaimur,BR_Rohtas
BR_Kaimur,UP_Chandauli
BR_Kaimur,UP_Ghazipur
BR_Kaimur,UP_Sonbhadra
BR_Katihar,BR_Bhagalpur
BR_Katihar,BR_Purnia
BR_Katihar,JH_Sahibganj
BR_Katihar,WB_Malda
BR_Katihar,WB_Uttar Dinajpur
BR_Khagaria,BR_Begusarai
BR_Khagaria,BR_Bhagalpur
BR_Khagaria,BR_Madhepura
BR_Khagaria,BR_Munger
BR_Khagaria,BR_Saharsa
BR_Khagaria,BR_Samastipur
BR_Kishanganj,BR_Araria
BR_Kishanganj,BR_Purnia
BR_Kishanganj,WB_Darjeeling
BR_Kishanganj,WB_Uttar Dinajpur
BR_Lakhisarai,BR_Begusarai
BR_Lakhisarai,BR_Jamui
BR_Lakhisarai,BR_Munger
BR_Lakhisarai,BR_Nalanda
BR_Lakhisarai,BR_Patna
BR_Lakhisarai,BR_Sheikhpura
BR_Madhepura,BR_Araria
BR_Madhepura,BR_Bhagalpur
BR_Madhepura,BR_Khagaria
BR_Madhepura,BR_Purnia
BR_Madhepura,BR_Saharsa
BR_Madhepura,BR_Supaul
BR_Madhubani,BR_Darbhanga
BR_Madhubani,BR_Saharsa
BR_Madhubani,BR_Sitamarhi
BR_Madhubani,BR_Supaul
BR_Munger,BR_Banka
BR_Munger,BR_Begusarai
BR_Munger,BR_Bhagalpur
BR_Munger,BR_Jamui
BR_Munger,BR_Khagaria
BR_Munger,BR_Lakhisarai
BR_Muzaffarpur,BR_Darbhanga
BR_Muzaffarpur,BR_East Champaran
BR_Muzaffarpur,BR_Gopalganj
BR_Muzaffarpur,BR_Samastipur
BR_Muzaffarpur,BR_Saran
BR_Muzaffarpur,BR_Sheohar
BR_Muzaffarpur,BR_Sitamarhi
BR_Muzaffarpur,BR_Vaishali
BR_Nalanda,BR_Gaya
BR_Nalanda,BR_Jehanabad
BR_Nalanda,BR_Lakhisarai
BR_Nalanda,BR_Nawada
BR_Nalanda,BR_Patna
BR_Nalanda,BR_Sheikhpura
BR_Nawada,BR_Gaya
BR_Nawada,BR_Jamui
BR_Nawada,BR_Nalanda
BR_Nawada,BR_Sheikhpura
BR_Nawada,JH_Giridih
BR_Nawada,JH_Koderma
BR_Patna,BR_Arwal
BR_Patna,BR_Begusarai
BR_Patna,BR_Bhojpur
BR_Patna,BR_Jehanabad
BR_Patna,BR_Lakhisarai
BR_Patna,BR_Nalanda
BR_Patna,BR_Samastipur
BR_Patna,BR_Saran
BR_Patna,BR_Vaishali
BR_Purnia,BR_Araria
BR_Purnia,BR_Bhagalpur
BR_Purnia,BR_Katihar
BR_Purnia,BR_Kishanganj
BR_Purnia,BR_Madhepura
BR_Purnia,WB_Uttar Dinajpur
BR_Rohtas,BR_Arwal
BR_Rohtas,BR_Aurangabad
BR_Rohtas,BR_Bhojpur
BR_Rohtas,BR_Buxar
BR_Rohtas,BR_Kaimur
BR_Rohtas,JH_Garhwa
BR_Rohtas,JH_Palamu
BR_Rohtas,UP_Sonbhadra
BR_Saharsa,BR_Darbhanga
BR_Saharsa,BR_Khagaria
BR_Saharsa,BR_Madhepura
BR_Saharsa,BR_Madhubani
BR_Saharsa,BR_Samastipur
BR_Saharsa,BR_Supaul
BR_Samastipur,BR_Begusarai
BR_Samastipur,BR_Darbhanga
BR_Samastipur,BR_Khagaria
BR_Samastipur,BR_Muzaffarpur
BR_Samastipur,BR_Patna
BR_Samastipur,BR_Saharsa
BR_Samastipur,BR_Vaishali
BR_Saran,BR_Bhojpur
BR_Saran,BR_Gopalganj
BR_Saran,BR_Muzaffarpur
BR_Saran,BR_Patna
BR_Saran,BR_Siwan
BR_Saran,BR_Vaishali
BR_Saran,UP_Ballia
BR_Sheikhpura,BR_Jamui
BR_Sheikhpura,BR_Lakhisarai
BR_Sheikhpura,BR_Nalanda
BR_Sheikhpura,BR_Nawada
BR_Sheohar,BR_East Champaran
BR_Sheohar,BR_Muzaffarpur
BR_Sheohar,BR_Sitamarhi
BR_Sitamarhi,BR_Darbhanga
BR_Sitamarhi,BR_East Champaran
BR_Sitamarhi,BR_Madhubani
BR_Sitamarhi,BR_Muzaffarpur
BR_Sitamarhi,BR_Sheohar
BR_Siwan,BR_Gopalganj
BR_Siwan,BR_Saran
BR_Siwan,UP_Ballia
BR_Siwan,UP_Deoria
BR_Supaul,BR_Araria
BR_Supaul,BR_Madhepura
BR_Supaul,BR_Madhubani
BR_Supaul,BR_Saharsa
BR_Vaishali,BR_Muzaffarpur
BR_Vaishali,BR_Patna
BR_Vaishali,BR_Samastipur
BR_Vaishali,BR_Saran
BR_West Champaran,BR_East Champaran
BR_West Champaran,BR_Gopalganj
BR_West Champaran,UP_Kushinagar
BR_West Champaran,UP_Maharajganj
CH_Chandigarh,HR_Panchkula
CH_Chandigarh,PB_S.A.S. Nagar
CT_Balod,CT_Dhamtari
CT_Balod,CT_Durg
CT_Balod,CT_Rajnandgaon
CT_Balod,CT_Uttar Bastar Kanker
CT_Baloda Bazar,CT_Bametara
CT_Baloda Bazar,CT_Bilaspur
CT_Baloda Bazar,CT_Janjgir Champa
CT_Baloda Bazar,CT_Mahasamund
CT_Baloda Bazar,CT_Mungeli
CT_Baloda Bazar,CT_Raigarh
CT_Baloda Bazar,CT_Raipur
CT_Balrampur,CT_Jashpur
CT_Balrampur,CT_Surajpur
CT_Balrampur,CT_Surguja
CT_Balrampur,JH_Garhwa
CT_Balrampur,JH_Gumla
CT_Balrampur,JH_Latehar
CT_Balrampur,MP_Singrauli
CT_Balrampur,UP_Sonbhadra
CT_Bametara,CT_Baloda Bazar
CT_Bametara,CT_Durg
CT_Bametara,CT_Kabeerdham
CT_Bametara,CT_Mungeli
CT_Bametara,CT_Raipur
CT_Bametara,CT_Rajnandgaon
CT_Bastar,CT_Dakshin Bastar Dantewada
CT_Bastar,CT_Kondagaon
CT_Bastar,CT_Sukma
CT_Bastar,OR_Koraput
CT_Bastar,OR_Malkangiri
CT_Bastar,OR_Nabarangapur
CT_Bijapur,CT_Dakshin Bastar Dantewada
CT_Bijapur,CT_Narayanpur
CT_Bijapur,CT_Sukma
CT_Bijapur,MH_Gadchiroli
CT_Bijapur,TG_Telangana
CT_Bilaspur,CT_Baloda Bazar
CT_Bilaspur,CT_Janjgir Champa
CT_Bilaspur,CT_Korba
CT_Bilaspur,CT_Koriya
CT_Bilaspur,CT_Mungeli
CT_Bilaspur,MP_Anuppur
CT_Dakshin Bastar Dantewada,CT_Bastar
CT_Dakshin Bastar Dantewada,CT_Bijapur
CT_Dakshin Bastar Dantewada,CT_Kondagaon
CT_Dakshin Bastar Dantewada,CT_Narayanpur
CT_Dakshin Bastar Dantewada,CT_Sukma
CT_Dhamtari,CT_Balod
CT_Dhamtari,CT_Durg
CT_Dhamtari,CT_Gariaband
CT_Dhamtari,CT_Kondagaon
CT_Dhamtari,CT_Raipur
CT_Dhamtari,CT_Uttar Bastar Kanker
CT_Dhamtari,OR_Nabarangapur
CT_Durg,CT_Balod
CT_Durg,CT_Bametara
CT_Durg,CT_Dhamtari
CT_Durg,CT_Raipur
CT_Durg,CT_Rajnandgaon
CT_Gariaband,CT_Dhamtari
CT_Gariaband,CT_Mahasamund
CT_Gariaband,CT_Raipur
CT_Gariaband,OR_Kalahandi
CT_Gariaband,OR_Nabarangapur
CT_Gariaband,OR_Nuapada
CT_Janjgir Champa,CT_Baloda Bazar
CT_Janjgir Champa,CT_Bilaspur
CT_Janjgir Champa,CT_Korba
CT_Janjgir Champa,CT_Raigarh
CT_Jashpur,CT_Balrampur
CT_Jashpur,CT_Raigarh
CT_Jashpur,CT_Surguja
CT_Jashpur,JH_Gumla
CT_Jashpur,JH_Simdega
CT_Jashpur,OR_Sundargarh
CT_Kabeerdham,CT_Bametara
CT_Kabeerdham,CT_Mungeli
CT_Kabeerdham,CT_Rajnandgaon
CT_Kabeerdham,MP_Balaghat
CT_Kabeerdham,MP_Dindori
CT_Kabeerdham,MP_Mandla
CT_Kondagaon,CT_Bastar
CT_Kondagaon,CT_Dakshin Bastar Dantewada
CT_Kondagaon,CT_Dhamtari
CT_Kondagaon,CT_Narayanpur
CT_Kondagaon,CT_Uttar Bastar Kanker
CT_Kondagaon,OR_Nabarangapur
CT_Korba,CT_Bilaspur
CT_Korba,CT_Janjgir Champa
CT_Korba,CT_Koriya
CT_Korba,CT_Raigarh
CT_Korba,CT_Surajpur
CT_Korba,CT_Surguja
CT_Koriya,CT_Bilaspur
CT_Koriya,CT_Korba
CT_Koriya,CT_Surajpur
CT_Koriya,MP_Anuppur
CT_Koriya,MP_Shahdol
CT_Koriya,MP_Sidhi
CT_Koriya,MP_Singrauli
CT_Mahasamund,CT_Baloda Bazar
CT_Mahasamund,CT_Gariaband
CT_Mahasamund,CT_Raigarh
CT_Mahasamund,CT_Raipur
CT_Mahasamund,OR_Bargarh
CT_Mahasamund,OR_Nuapada
CT_Mungeli,CT_Baloda Bazar
CT_Mungeli,CT_Bametara
CT_Mungeli,CT_Bilaspur
CT_Mungeli,CT_Kabeerdham
CT_Mungeli,MP_Anuppur
CT_Mungeli,MP_Dindori
CT_Narayanpur,CT_Bijapur
CT_Narayanpur,CT_Dakshin Bastar Dantewada
CT_Narayanpur,CT_Kondagaon
CT_Narayanpur,CT_Uttar Bastar Kanker
CT_Narayanpur,MH_Gadchiroli
CT_Raigarh,CT_Baloda Bazar
CT_Raigarh,CT_Janjgir Champa
CT_Raigarh,CT_Jashpur
CT_Raigarh,CT_Korba
CT_Raigarh,CT_Mahasamund
CT_Raigarh,CT_Surguja
CT_Raigarh,OR_Bargarh
CT_Raigarh,OR_Jharsuguda
CT_Raigarh,OR_Sundargarh
CT_Raipur,CT_Baloda Bazar
CT_Raipur,CT_Bametara
CT_Raipur,CT_Dhamtari
CT_Raipur,CT_Durg
CT_Raipur,CT_Gariaband
CT_Raipur,CT_Mahasamund
CT_Rajnandgaon,CT_Balod
CT_Rajnandgaon,CT_Bametara
CT_Rajnandgaon,CT_Durg
CT_Rajnandgaon,CT_Kabeerdham
CT_Rajnandgaon,CT_Uttar Bastar Kanker
CT_Rajnandgaon,MH_Gadchiroli
CT_Rajnandgaon,MH_Gondia
CT_Rajnandgaon,MP_Balaghat
CT_Sukma,AP_East Godavari
CT_Sukma,CT_Bastar
CT_Sukma,CT_Bijapur
CT_Sukma,CT_Dakshin Bastar Dantewada
CT_Sukma,OR_Malkangiri
CT_Sukma,TG_Telangana
CT_Surajpur,CT_Balrampur
CT_Surajpur,CT_Korba
CT_Surajpur,CT_Koriya
CT_Surajpur,CT_Surguja
CT_Surajpur,MP_Singrauli
CT_Surguja,CT_Balrampur
CT_Surguja,CT_Jashpur
CT_Surguja,CT_Korba
CT_Surguja,CT_Raigarh
CT_Surguja,CT_Surajpur
CT_Uttar Bastar Kanker,CT_Balod
CT_Uttar Bastar Kanker,CT_Dhamtari
CT_Uttar Bastar Kanker,CT_Kondagaon
CT_Uttar Bastar Kanker,CT_Narayanpur
CT_Uttar Bastar Kanker,CT_Rajnandgaon
CT_Uttar Bastar Kanker,MH_Gadchiroli
DL_Delhi,DL_Delhi
DL_Delhi,HR_Faridabad
DL_Delhi,HR_Gurugram
DL_Delhi,HR_Jhajjar
DL_Delhi,HR_Sonipat
DL_Delhi,UP_Baghpat
DL_Delhi,UP_Gautam Buddha Nagar
DL_Delhi,UP_Ghaziabad
DN_Dadra and Nagar Haveli,GJ_Valsad
DN_Dadra and Nagar Haveli,MH_Palghar
DN_Daman,GJ_Valsad
DN_Diu,GJ_Gir Somnath
GA_Goa,GA_Goa
GA_Goa,KA_Belagavi
GA_Goa,KA_Uttara Kannada
GA_Goa,MH_Sindhudurg
GJ_Ahmedabad,GJ_Anand
GJ_Ahmedabad,GJ_Bhavnagar
GJ_Ahmedabad,GJ_Botad
GJ_Ahmedabad,GJ_Gandhinagar
GJ_Ahmedabad,GJ_Kheda
GJ_Ahmedabad,GJ_Mehsana
GJ_Ahmedabad,GJ_Surendranagar
GJ_Amreli,GJ_Bhavnagar
GJ_Amreli,GJ_Botad
GJ_Amreli,GJ_Gir Somnath
GJ_Amreli,GJ_Junagadh
GJ_Amreli,GJ_Rajkot
GJ_Anand,GJ_Ahmedabad
GJ_Anand,GJ_Bharuch
GJ_Anand,GJ_Kheda
GJ_Anand,GJ_Vadodara
GJ_Aravalli,GJ_Gandhinagar
GJ_Aravalli,GJ_Kheda
GJ_Aravalli,GJ_Mahisagar
GJ_Aravalli,GJ_Sabarkantha
GJ_Aravalli,RJ_Dungarpur
GJ_Aravalli,RJ_Udaipur
GJ_Banaskantha,GJ_Kutch
GJ_Banaskantha,GJ_Mehsana
GJ_Banaskantha,GJ_Patan
GJ_Banaskantha,GJ_Sabarkantha
GJ_Banaskantha,RJ_Jalore
GJ_Banaskantha,RJ_Sirohi
GJ_Bharuch,GJ_Anand
GJ_Bharuch,GJ_Narmada
GJ_Bharuch,GJ_Surat
GJ_Bharuch,GJ_Vadodara
GJ_Bhavnagar,GJ_Ahmedabad
GJ_Bhavnagar,GJ_Amreli
GJ_Bhavnagar,GJ_Botad
GJ_Botad,GJ_Ahmedabad
GJ_Botad,GJ_Amreli
GJ_Botad,GJ_Bhavnagar
GJ_Botad,GJ_Rajkot
GJ_Botad,GJ_Surendranagar
GJ_Chhota Udaipur,GJ_Dahod
GJ_Chhota Udaipur,GJ_Narmada
GJ_Chhota Udaipur,GJ_Panchmahal
GJ_Chhota Udaipur,GJ_Vadodara
GJ_Chhota Udaipur,MH_Nandurbar
GJ_Chhota Udaipur,MP_Alirajpur
GJ_Dahod,GJ_Chhota Udaipur
GJ_Dahod,GJ_Mahisagar
GJ_Dahod,GJ_Panchmahal
GJ_Dahod,MP_Alirajpur
GJ_Dahod,MP_Jhabua
GJ_Dahod,RJ_Banswara
GJ_Dang,GJ_Navsari
GJ_Dang,GJ_Tapi
GJ_Dang,MH_Dhule
GJ_Dang,MH_Nashik
GJ_Devbhumi Dwarka,GJ_Jamnagar
GJ_Devbhumi Dwarka,GJ_Porbandar
GJ_Gandhinagar,GJ_Ahmedabad
GJ_Gandhinagar,GJ_Aravalli
GJ_Gandhinagar,GJ_Kheda
GJ_Gandhinagar,GJ_Mehsana
GJ_Gandhinagar,GJ_Sabarkantha
GJ_Gir Somnath,DN_Diu
GJ_Gir Somnath,GJ_Amreli
GJ_Gir Somnath,GJ_Junagadh
GJ_Jamnagar,GJ_Devbhumi Dwarka
GJ_Jamnagar,GJ_Morbi
GJ_Jamnagar,GJ_Porbandar
GJ_Jamnagar,GJ_Rajkot
GJ_Junagadh,GJ_Amreli
GJ_Junagadh,GJ_Gir Somnath
GJ_Junagadh,GJ_Porbandar
GJ_Junagadh,GJ_Rajkot
GJ_Kheda,GJ_Ahmedabad
GJ_Kheda,GJ_Anand
GJ_Kheda,GJ_Aravalli
GJ_Kheda,GJ_Gandhinagar
GJ_Kheda,GJ_Mahisagar
GJ_Kheda,GJ_Panchmahal
GJ_Kheda,GJ_Vadodara
GJ_Kutch,GJ_Banaskantha
GJ_Kutch,GJ_Morbi
GJ_Kutch,GJ_Patan
GJ_Kutch,GJ_Surendranagar
GJ_Kutch,RJ_Barmer
GJ_Kutch,RJ_Jalore
GJ_Mahisagar,GJ_Aravalli
GJ_Mahisagar,GJ_Dahod
GJ_Mahisagar,GJ_Kheda
GJ_Mahisagar,GJ_Panchmahal
GJ_Mahisagar,RJ_Banswara
GJ_Mahisagar,RJ_Dungarpur
GJ_Mehsana,GJ_Ahmedabad
GJ_Mehsana,GJ_Banaskantha
GJ_Mehsana,GJ_Gandhinagar
GJ_Mehsana,GJ_Patan
GJ_Mehsana,GJ_Sabarkantha
GJ_Mehsana,GJ_Surendranagar
GJ_Morbi,GJ_Jamnagar
GJ_Morbi,GJ_Kutch
GJ_Morbi,GJ_Rajkot
GJ_Morbi,GJ_Surendranagar
GJ_Narmada,GJ_Bharuch
GJ_Narmada,GJ_Chhota Udaipur
GJ_Narmada,GJ_Surat
GJ_Narmada,GJ_Tapi
GJ_Narmada,GJ_Vadodara
GJ_Narmada,MH_Nandurbar
GJ_Navsari,GJ_Dang
GJ_Navsari,GJ_Surat
GJ_Navsari,GJ_Tapi
GJ_Navsari,GJ_Valsad
GJ_Navsari,MH_Nashik
GJ_Panchmahal,GJ_Chhota Udaipur
GJ_Panchmahal,GJ_Dahod
GJ_Panchmahal,GJ_Kheda
GJ_Panchmahal,GJ_Mahisagar
GJ_Panchmahal,GJ_Vadodara
GJ_Patan,GJ_Banaskantha
GJ_Patan,GJ_Kutch
GJ_Patan,GJ_Mehsana
GJ_Patan,GJ_Surendranagar
GJ_Porbandar,GJ_Devbhumi Dwarka
GJ_Porbandar,GJ_Jamnagar
GJ_Porbandar,GJ_Junagadh
GJ_Porbandar,GJ_Rajkot
GJ_Rajkot,GJ_Amreli
GJ_Rajkot,GJ_Botad
GJ_Rajkot,GJ_Jamnagar
GJ_Rajkot,GJ_Junagadh
GJ_Rajkot,GJ_Morbi
GJ_Rajkot,GJ_Porbandar
GJ_Rajkot,GJ_Surendranagar
GJ_Sabarkantha,GJ_Aravalli
GJ_Sabarkantha,GJ_Banaskantha
GJ_Sabarkantha,GJ_Gandhinagar
GJ_Sabarkantha,GJ_Mehsana
GJ_Sabarkantha,RJ_Sirohi
GJ_Sabarkantha,RJ_Udaipur
GJ_Surat,GJ_Bharuch
GJ_Surat,GJ_Narmada
GJ_Surat,GJ_Navsari
GJ_Surat,GJ_Tapi
GJ_Surendranagar,GJ_Ahmedabad
GJ_Surendranagar,GJ_Botad
GJ_Surendranagar,GJ_Kutch
GJ_Surendranagar,GJ_Mehsana
GJ_Surendranagar,GJ_Morbi
GJ_Surendranagar,GJ_Patan
GJ_Surendranagar,GJ_Rajkot
GJ_Tapi,GJ_Dang
GJ_Tapi,GJ_Narmada
GJ_Tapi,GJ_Navsari
GJ_Tapi,GJ_Surat
GJ_Tapi,MH_Dhule
GJ_Tapi,MH_Nandurbar
GJ_Vadodara,GJ_Anand
GJ_Vadodara,GJ_Bharuch
GJ_Vadodara,GJ_Chhota Udaipur
GJ_Vadodara,GJ_Kheda
GJ_Vadodara,GJ_Narmada
GJ_Vadodara,GJ_Panchmahal
GJ_Valsad,DN_Dadra and Nagar Haveli
GJ_Valsad,DN_Daman
GJ_Valsad,GJ_Navsari
GJ_Valsad,MH_Nashik
GJ_Valsad,MH_Palghar
HP_Bilaspur,HP_Hamirpur
HP_Bilaspur,HP_Mandi
HP_Bilaspur,HP_Solan
HP_Bilaspur,HP_Una
HP_Bilaspur,PB_Rupnagar
HP_Chamba,HP_Kangra
HP_Chamba,HP_Lahaul and Spiti
HP_Chamba,JK_Doda
HP_Chamba,JK_Kathua
HP_Chamba,JK_Kishtwar
HP_Chamba,PB_Pathankot
HP_Hamirpur,HP_Bilaspur
HP_Hamirpur,HP_Kangra
HP_Hamirpur,HP_Mandi
HP_Hamirpur,HP_Una
HP_Kangra,HP_Chamba
HP_Kangra,HP_Hamirpur
HP_Kangra,HP_Kullu
HP_Kangra,HP_Lahaul and Spiti
HP_Kangra,HP_Mandi
HP_Kangra,HP_Una
HP_Kangra,PB_Gurdaspur
HP_Kangra,PB_Hoshiarpur
HP_Kangra,PB_Pathankot
HP_Kinnaur,HP_Kullu
HP_Kinnaur,HP_Lahaul and Spiti
HP_Kinnaur,HP_Shimla
HP_Kinnaur,UT_Uttarkashi
HP_Kullu,HP_Kangra
HP_Kullu,HP_Kinnaur
HP_Kullu,HP_Lahaul and Spiti
HP_Kullu,HP_Mandi
HP_Kullu,HP_Shimla
HP_Lahaul and Spiti,HP_Chamba
HP_Lahaul and Spiti,HP_Kangra
HP_Lahaul and Spiti,HP_Kinnaur
HP_Lahaul and Spiti,HP_Kullu
HP_Lahaul and Spiti,JK_Kishtwar
HP_Lahaul and Spiti,LA_Kargil
HP_Lahaul and Spiti,LA_Leh
HP_Mandi,HP_Bilaspur
HP_Mandi,HP_Hamirpur
HP_Mandi,HP_Kangra
HP_Mandi,HP_Kullu
HP_Mandi,HP_Shimla
HP_Mandi,HP_Solan
HP_Shimla,HP_Kinnaur
HP_Shimla,HP_Kullu
HP_Shimla,HP_Mandi
HP_Shimla,HP_Sirmaur
HP_Shimla,HP_Solan
HP_Shimla,UT_Dehradun
HP_Shimla,UT_Uttarkashi
HP_Sirmaur,HP_Shimla
HP_Sirmaur,HP_Solan
HP_Sirmaur,HR_Ambala
HP_Sirmaur,HR_Panchkula
HP_Sirmaur,HR_Yamunanagar
HP_Sirmaur,UP_Saharanpur
HP_Sirmaur,UT_Dehradun
HP_Solan,HP_Bilaspur
HP_Solan,HP_Mandi
HP_Solan,HP_Shimla
HP_Solan,HP_Sirmaur
HP_Solan,HR_Panchkula
HP_Solan,PB_Rupnagar
HP_Solan,PB_S.A.S. Nagar
HP_Una,HP_Bilaspur
HP_Una,HP_Hamirpur
HP_Una,HP_Kangra
HP_Una,PB_Hoshiarpur
HP_Una,PB_Rupnagar
HR_Ambala,HP_Sirmaur
HR_Ambala,HR_Kurukshetra
HR_Ambala,HR_Panchkula
HR_Ambala,HR_Yamunanagar
HR_Ambala,PB_Patiala
HR_Ambala,PB_S.A.S. Nagar
HR_Bhiwani,HR_Charkhi Dadri
HR_Bhiwani,HR_Hisar
HR_Bhiwani,HR_Mahendragarh
HR_Bhiwani,HR_Rohtak
HR_Bhiwani,RJ_Churu
HR_Bhiwani,RJ_Hanumangarh
HR_Bhiwani,RJ_Jhunjhunu
HR_Charkhi Dadri,HR_Bhiwani
HR_Charkhi Dadri,HR_Jhajjar
HR_Charkhi Dadri,HR_Mahendragarh
HR_Charkhi Dadri,HR_Rohtak
HR_Faridabad,DL_Delhi
HR_Faridabad,HR_Gurugram
HR_Faridabad,HR_Palwal
HR_Faridabad,UP_Gautam Buddha Nagar
HR_Fatehabad,HR_Hisar
HR_Fatehabad,HR_Jind
HR_Fatehabad,HR_Sirsa
HR_Fatehabad,PB_Mansa
HR_Fatehabad,PB_Sangrur
HR_Fatehabad,RJ_Hanumangarh
HR_Gurugram,DL_Delhi
HR_Gurugram,HR_Faridabad
HR_Gurugram,HR_Jhajjar
HR_Gurugram,HR_Nuh
HR_Gurugram,HR_Palwal
HR_Gurugram,HR_Rewari
HR_Hisar,HR_Bhiwani
HR_Hisar,HR_Fatehabad
HR_Hisar,HR_Jind
HR_Hisar,HR_Rohtak
HR_Hisar,RJ_Hanumangarh
HR_Jhajjar,DL_Delhi
HR_Jhajjar,HR_Charkhi Dadri
HR_Jhajjar,HR_Gurugram
HR_Jhajjar,HR_Mahendragarh
HR_Jhajjar,HR_Rewari
HR_Jhajjar,HR_Rohtak
HR_Jhajjar,HR_Sonipat
HR_Jind,HR_Fatehabad
HR_Jind,HR_Hisar
HR_Jind,HR_Kaithal
HR_Jind,HR_Karnal
HR_Jind,HR_Panipat
HR_Jind,HR_Rohtak
HR_Jind,HR_Sonipat
HR_Jind,PB_Patiala
HR_Jind,PB_Sangrur
HR_Kaithal,HR_Jind
HR_Kaithal,HR_Karnal
HR_Kaithal,HR_Kurukshetra
HR_Kaithal,PB_Patiala
HR_Karnal,HR_Jind
HR_Karnal,HR_Kaithal
HR_Karnal,HR_Kurukshetra
HR_Karnal,HR_Panipat
HR_Karnal,HR_Yamunanagar
HR_Karnal,UP_Saharanpur
HR_Karnal,UP_Shamli
HR_Kurukshetra,HR_Ambala
HR_Kurukshetra,HR_Kaithal
HR_Kurukshetra,HR_Karnal
HR_Kurukshetra,HR_Yamunanagar
HR_Kurukshetra,PB_Patiala
HR_Mahendragarh,HR_Bhiwani
HR_Mahendragarh,HR_Charkhi Dadri
HR_Mahendragarh,HR_Jhajjar
HR_Mahendragarh,HR_Rewari
HR_Mahendragarh,RJ_Alwar
HR_Mahendragarh,RJ_Jaipur
HR_Mahendragarh,RJ_Jhunjhunu
HR_Mahendragarh,RJ_Sikar
HR_Nuh,HR_Gurugram
HR_Nuh,HR_Palwal
HR_Nuh,HR_Rewari
HR_Nuh,RJ_Alwar
HR_Nuh,RJ_Bharatpur
HR_Nuh,UP_Mathura
HR_Palwal,HR_Faridabad
HR_Palwal,HR_Gurugram
HR_Palwal,HR_Nuh
HR_Palwal,UP_Aligarh
HR_Palwal,UP_Gautam Buddha Nagar
HR_Palwal,UP_Mathura
HR_Panchkula,CH_Chandigarh
HR_Panchkula,HP_Sirmaur
HR_Panchkula,HP_Solan
HR_Panchkula,HR_Ambala
HR_Panchkula,PB_S.A.S. Nagar
HR_Panipat,HR_Jind
HR_Panipat,HR_Karnal
HR_Panipat,HR_Sonipat
HR_Panipat,UP_Baghpat
HR_Panipat,UP_Shamli
HR_Rewari,HR_Gurugram
HR_Rewari,HR_Jhajjar
HR_Rewari,HR_Mahendragarh
HR_Rewari,HR_Nuh
HR_Rewari,RJ_Alwar
HR_Rohtak,HR_Bhiwani
HR_Rohtak,HR_Charkhi Dadri
HR_Rohtak,HR_Hisar
HR_Rohtak,HR_Jhajjar
HR_Rohtak,HR_Jind
HR_Rohtak,HR_Sonipat
HR_Sirsa,HR_Fatehabad
HR_Sirsa,PB_Bathinda
HR_Sirsa,PB_Mansa
HR_Sirsa,PB_Sri Muktsar Sahib
HR_Sirsa,RJ_Hanumangarh
HR_Sonipat,DL_Delhi
HR_Sonipat,HR_Jhajjar
HR_Sonipat,HR_Jind
HR_Sonipat,HR_Panipat
HR_Sonipat,HR_Rohtak
HR_Sonipat,UP_Baghpat
HR_Yamunanagar,HP_Sirmaur
HR_Yamunanagar,HR_Ambala
HR_Yamunanagar,HR_Karnal
HR_Yamunanagar,HR_Kurukshetra
HR_Yamunanagar,UP_Saharanpur
JH_Bokaro,JH_Dhanbad
JH_Bokaro,JH_Giridih
JH_Bokaro,JH_Hazaribagh
JH_Bokaro,JH_Ramgarh
JH_Bokaro,WB_Purulia
JH_Chatra,BR_Gaya
JH_Chatra,JH_Hazaribagh
JH_Chatra,JH_Latehar
JH_Chatra,JH_Palamu
JH_Chatra,JH_Ranchi
JH_Deoghar,BR_Banka
JH_Deoghar,BR_Jamui
JH_Deoghar,JH_Dumka
JH_Deoghar,JH_Giridih
JH_Deoghar,JH_Jamtara
JH_Dhanbad,JH_Bokaro
JH_Dhanbad,JH_Giridih
JH_Dhanbad,JH_Jamtara
JH_Dhanbad,WB_Paschim Bardhaman
JH_Dhanbad,WB_Purulia
JH_Dumka,BR_Banka
JH_Dumka,JH_Deoghar
JH_Dumka,JH_Godda
JH_Dumka,JH_Jamtara
JH_Dumka,JH_Pakur
JH_Dumka,WB_Birbhum
JH_East Singhbhum,JH_Saraikela-Kharsawan
JH_East Singhbhum,OR_Mayurbhanj
JH_East Singhbhum,WB_Jhargram
JH_East Singhbhum,WB_Purulia
JH_Garhwa,BR_Rohtas
JH_Garhwa,CT_Balrampur
JH_Garhwa,JH_Latehar
JH_Garhwa,JH_Palamu
JH_Garhwa,UP_Sonbhadra
JH_Giridih,BR_Jamui
JH_Giridih,BR_Nawada
JH_Giridih,JH_Bokaro
JH_Giridih,JH_Deoghar
JH_Giridih,JH_Dhanbad
JH_Giridih,JH_Hazaribagh
JH_Giridih,JH_Jamtara
JH_Giridih,JH_Koderma
JH_Godda,BR_Banka
JH_Godda,BR_Bhagalpur
JH_Godda,JH_Dumka
JH_Godda,JH_Pakur
JH_Godda,JH_Sahibganj
JH_Gumla,CT_Balrampur
JH_Gumla,CT_Jashpur
JH_Gumla,JH_Khunti
JH_Gumla,JH_Latehar
JH_Gumla,JH_Lohardaga
JH_Gumla,JH_Ranchi
JH_Gumla,JH_Simdega
JH_Hazaribagh,BR_Gaya
JH_Hazaribagh,JH_Bokaro
JH_Hazaribagh,JH_Chatra
JH_Hazaribagh,JH_Giridih
JH_Hazaribagh,JH_Koderma
JH_Hazaribagh,JH_Ramgarh
JH_Hazaribagh,JH_Ranchi
JH_Jamtara,JH_Deoghar
JH_Jamtara,JH_Dhanbad
JH_Jamtara,JH_Dumka
JH_Jamtara,JH_Giridih
JH_Jamtara,WB_Birbhum
JH_Jamtara,WB_Paschim Bardhaman
JH_Khunti,JH_Gumla
JH_Khunti,JH_Ranchi
JH_Khunti,JH_Saraikela-Kharsawan
JH_Khunti,JH_Simdega
JH_Khunti,JH_West Singhbhum
JH_Koderma,BR_Gaya
JH_Koderma,BR_Nawada
JH_Koderma,JH_Giridih
JH_Koderma,JH_Hazaribagh
JH_Latehar,CT_Balrampur
JH_Latehar,JH_Chatra
JH_Latehar,JH_Garhwa
JH_Latehar,JH_Gumla
JH_Latehar,JH_Lohardaga
JH_Latehar,JH_Palamu
JH_Latehar,JH_Ranchi
JH_Lohardaga,JH_Gumla
JH_Lohardaga,JH_Latehar
JH_Lohardaga,JH_Ranchi
JH_Pakur,JH_Dumka
JH_Pakur,JH_Godda
JH_Pakur,JH_Sahibganj
JH_Pakur,WB_Birbhum
JH_Pakur,WB_Murshidabad
JH_Palamu,BR_Aurangabad
JH_Palamu,BR_Gaya
JH_Palamu,BR_Rohtas
JH_Palamu,JH_Chatra
JH_Palamu,JH_Garhwa
JH_Palamu,JH_Latehar
JH_Ramgarh,JH_Bokaro
JH_Ramgarh,JH_Hazaribagh
JH_Ramgarh,JH_Ranchi
JH_Ramgarh,WB_Purulia
JH_Ranchi,JH_Chatra
JH_Ranchi,JH_Gumla
JH_Ranchi,JH_Hazaribagh
JH_Ranchi,JH_Khunti
JH_Ranchi,JH_Latehar
JH_Ranchi,JH_Lohardaga
JH_Ranchi,JH_Ramgarh
JH_Ranchi,JH_Saraikela-Kharsawan
JH_Ranchi,WB_Purulia
JH_Sahibganj,BR_Bhagalpur
JH_Sahibganj,BR_Katihar
JH_Sahibganj,JH_Godda
JH_Sahibganj,JH_Pakur
JH_Sahibganj,WB_Malda
JH_Sahibganj,WB_Murshidabad
JH_Saraikela-Kharsawan,JH_East Singhbhum
JH_Saraikela-Kharsawan,JH_Khunti
JH_Saraikela-Kharsawan,JH_Ranchi
JH_Saraikela-Kharsawan,JH_West Singhbhum
JH_Saraikela-Kharsawan,OR_Mayurbhanj
JH_Saraikela-Kharsawan,WB_Purulia
JH_Simdega,CT_Jashpur
JH_Simdega,JH_Gumla
JH_Simdega,JH_Khunti
JH_Simdega,JH_West Singhbhum
JH_Simdega,OR_Sundargarh
JH_West Singhbhum,JH_Khunti
JH_West Singhbhum,JH_Saraikela-Kharsawan
JH_West Singhbhum,JH_Simdega
JH_West Singhbhum,OR_Kendujhar
JH_West Singhbhum,OR_Mayurbhanj
JH_West Singhbhum,OR_Sundargarh
JK_Anantnag,JK_Doda
JK_Anantnag,JK_Ganderbal
JK_Anantnag,JK_Kishtwar
JK_Anantnag,JK_Kulgam
JK_Anantnag,JK_Pulwama
JK_Anantnag,JK_Ramban
JK_Anantnag,JK_Shopiyan
JK_Anantnag,JK_Srinagar
JK_Anantnag,LA_Kargil
JK_Bandipora,JK_Baramulla
JK_Bandipora,JK_Ganderbal
JK_Bandipora,JK_Kupwara
JK_Bandipora,JK_Srinagar
JK_Bandipora,LA_Kargil
JK_Baramulla,JK_Bandipora
JK_Baramulla,JK_Budgam
JK_Baramulla,JK_Kupwara
JK_Baramulla,JK_Punch
JK_Baramulla,JK_Srinagar
JK_Budgam,JK_Baramulla
JK_Budgam,JK_Kulgam
JK_Budgam,JK_Pulwama
JK_Budgam,JK_Punch
JK_Budgam,JK_Shopiyan
JK_Budgam,JK_Srinagar
JK_Doda,HP_Chamba
JK_Doda,JK_Anantnag
JK_Doda,JK_Kathua
JK_Doda,JK_Kishtwar
JK_Doda,JK_Ramban
JK_Doda,JK_Udhampur
JK_Ganderbal,JK_Anantnag
JK_Ganderbal,JK_Bandipora
JK_Ganderbal,JK_Srinagar
JK_Ganderbal,LA_Kargil
JK_Jammu,JK_Rajouri
JK_Jammu,JK_Reasi
JK_Jammu,JK_Samba
JK_Jammu,JK_Udhampur
JK_Kathua,HP_Chamba
JK_Kathua,JK_Doda
JK_Kathua,JK_Samba
JK_Kathua,JK_Udhampur
JK_Kathua,PB_Pathankot
JK_Kishtwar,HP_Chamba
JK_Kishtwar,HP_Lahaul and Spiti
JK_Kishtwar,JK_Anantnag
JK_Kishtwar,JK_Doda
JK_Kishtwar,LA_Kargil
JK_Kulgam,JK_Anantnag
JK_Kulgam,JK_Budgam
JK_Kulgam,JK_Punch
JK_Kulgam,JK_Rajouri
JK_Kulgam,JK_Ramban
JK_Kulgam,JK_Reasi
JK_Kulgam,JK_Shopiyan
JK_Kupwara,JK_Bandipora
JK_Kupwara,JK_Baramulla
JK_Pulwama,JK_Anantnag
JK_Pulwama,JK_Budgam
JK_Pulwama,JK_Shopiyan
JK_Pulwama,JK_Srinagar
JK_Punch,JK_Baramulla
JK_Punch,JK_Budgam
JK_Punch,JK_Kulgam
JK_Punch,JK_Rajouri
JK_Punch,JK_Reasi
JK_Rajouri,JK_Jammu
JK_Rajouri,JK_Kulgam
JK_Rajouri,JK_Punch
JK_Rajouri,JK_Reasi
JK_Ramban,JK_Anantnag
JK_Ramban,JK_Doda
JK_Ramban,JK_Kulgam
JK_Ramban,JK_Reasi
JK_Ramban,JK_Udhampur
JK_Reasi,JK_Jammu
JK_Reasi,JK_Kulgam
JK_Reasi,JK_Punch
JK_Reasi,JK_Rajouri
JK_Reasi,JK_Ramban
JK_Reasi,JK_Udhampur
JK_Samba,JK_Jammu
JK_Samba,JK_Kathua
JK_Samba,JK_Udhampur
JK_Shopiyan,JK_Anantnag
JK_Shopiyan,JK_Budgam
JK_Shopiyan,JK_Kulgam
JK_Shopiyan,JK_Pulwama
JK_Srinagar,JK_Anantnag
JK_Srinagar,JK_Bandipora
JK_Srinagar,JK_Baramulla
JK_Srinagar,JK_Budgam
JK_Srinagar,JK_Ganderbal
JK_Srinagar,JK_Pulwama
JK_Udhampur,JK_Doda
JK_Udhampur,JK_Jammu
JK_Udhampur,JK_Kathua
JK_Udhampur,JK_Ramban
JK_Udhampur,JK_Reasi
JK_Udhampur,JK_Samba
KA_Bagalkote,KA_Belagavi
KA_Bagalkote,KA_Bijapur
KA_Bagalkote,KA_Gadag
KA_Bagalkote,KA_Koppal
KA_Bagalkote,KA_Raichur
KA_Ballari,AP_Anantapur
KA_Ballari,AP_Kurnool
KA_Ballari,KA_Chitradurga
KA_Ballari,KA_Davanagere
KA_Ballari,KA_Gadag
KA_Ballari,KA_Haveri
KA_Ballari,KA_Koppal
KA_Ballari,KA_Raichur
KA_Belagavi,GA_Goa
KA_Belagavi,KA_Bagalkote
KA_Belagavi,KA_Bijapur
KA_Belagavi,KA_Dharwad
KA_Belagavi,KA_Gadag
KA_Belagavi,KA_Uttara Kannada
KA_Belagavi,MH_Kolhapur
KA_Belagavi,MH_Sangli
KA_Belagavi,MH_Sindhudurg
KA_Bengaluru Rural,KA_Bengaluru Urban
KA_Bengaluru Rural,KA_Chikkaballapura
KA_Bengaluru Rural,KA_Kolar
KA_Bengaluru Rural,KA_Ramanagara
KA_Bengaluru Rural,KA_Tumakuru
KA_Bengaluru Rural,TN_Krishnagiri
KA_Bengaluru Urban,KA_Bengaluru Rural
KA_Bengaluru Urban,KA_Ramanagara
KA_Bengaluru Urban,TN_Krishnagiri
KA_Bidar,KA_Kalaburagi
KA_Bidar,MH_Latur
KA_Bidar,MH_Nanded
KA_Bidar,MH_Osmanabad
KA_Bidar,TG_Telangana
KA_Bijapur,KA_Bagalkote
KA_Bijapur,KA_Belagavi
KA_Bijapur,KA_Kalaburagi
KA_Bijapur,KA_Raichur
KA_Bijapur,KA_Yadgir
KA_Bijapur,MH_Sangli
KA_Bijapur,MH_Solapur
KA_Chamarajanagara,KA_Mandya
KA_Chamarajanagara,KA_Mysuru
KA_Chamarajanagara,KA_Ramanagara
KA_Chamarajanagara,KL_Wayanad
KA_Chamarajanagara,TN_Dharmapuri
KA_Chamarajanagara,TN_Erode
KA_Chamarajanagara,TN_Krishnagiri
KA_Chamarajanagara,TN_Nilgiris
KA_Chamarajanagara,TN_Salem
KA_Chikkaballapura,AP_Anantapur
KA_Chikkaballapura,AP_Chittoor
KA_Chikkaballapura,KA_Bengaluru Rural
KA_Chikkaballapura,KA_Kolar
KA_Chikkaballapura,KA_Tumakuru
KA_Chikkamagaluru,KA_Chitradurga
KA_Chikkamagaluru,KA_Dakshina Kannada
KA_Chikkamagaluru,KA_Davanagere
KA_Chikkamagaluru,KA_Hassan
KA_Chikkamagaluru,KA_Shivamogga
KA_Chikkamagaluru,KA_Tumakuru
KA_Chikkamagaluru,KA_Udupi
KA_Chitradurga,AP_Anantapur
KA_Chitradurga,KA_Ballari
KA_Chitradurga,KA_Chikkamagaluru
KA_Chitradurga,KA_Davanagere
KA_Chitradurga,KA_Tumakuru
KA_Dakshina Kannada,KA_Chikkamagaluru
KA_Dakshina Kannada,KA_Hassan
KA_Dakshina Kannada,KA_Kodagu
KA_Dakshina Kannada,KA_Udupi
KA_Dakshina Kannada,KL_Kasaragod
KA_Davanagere,KA_Ballari
KA_Davanagere,KA_Chikkamagaluru
KA_Davanagere,KA_Chitradurga
KA_Davanagere,KA_Haveri
KA_Davanagere,KA_Shivamogga
KA_Dharwad,KA_Belagavi
KA_Dharwad,KA_Gadag
KA_Dharwad,KA_Haveri
KA_Dharwad,KA_Uttara Kannada
KA_Gadag,KA_Bagalkote
KA_Gadag,KA_Ballari
KA_Gadag,KA_Belagavi
KA_Gadag,KA_Dharwad
KA_Gadag,KA_Haveri
KA_Gadag,KA_Koppal
KA_Hassan,KA_Chikkamagaluru
KA_Hassan,KA_Dakshina Kannada
KA_Hassan,KA_Kodagu
KA_Hassan,KA_Mandya
KA_Hassan,KA_Mysuru
KA_Hassan,KA_Tumakuru
KA_Haveri,KA_Ballari
KA_Haveri,KA_Davanagere
KA_Haveri,KA_Dharwad
KA_Haveri,KA_Gadag
KA_Haveri,KA_Shivamogga
KA_Haveri,KA_Uttara Kannada
KA_Kalaburagi,KA_Bidar
KA_Kalaburagi,KA_Bijapur
KA_Kalaburagi,KA_Yadgir
KA_Kalaburagi,MH_Osmanabad
KA_Kalaburagi,MH_Solapur
KA_Kalaburagi,TG_Telangana
KA_Kodagu,KA_Dakshina Kannada
KA_Kodagu,KA_Hassan
KA_Kodagu,KA_Mysuru
KA_Kodagu,KL_Kannur
KA_Kodagu,KL_Kasaragod
KA_Kodagu,KL_Wayanad
KA_Kolar,AP_Chittoor
KA_Kolar,KA_Bengaluru Rural
KA_Kolar,KA_Chikkaballapura
KA_Kolar,TN_Krishnagiri
KA_Koppal,KA_Bagalkote
KA_Koppal,KA_Ballari
KA_Koppal,KA_Gadag
KA_Koppal,KA_Raichur
KA_Mandya,KA_Chamarajanagara
KA_Mandya,KA_Hassan
KA_Mandya,KA_Mysuru
KA_Mandya,KA_Ramanagara
KA_Mandya,KA_Tumakuru
KA_Mysuru,KA_Chamarajanagara
KA_Mysuru,KA_Hassan
KA_Mysuru,KA_Kodagu
KA_Mysuru,KA_Mandya
KA_Mysuru,KL_Wayanad
KA_Raichur,AP_Kurnool
KA_Raichur,KA_Bagalkote
KA_Raichur,KA_Ballari
KA_Raichur,KA_Bijapur
KA_Raichur,KA_Koppal
KA_Raichur,KA_Yadgir
KA_Raichur,TG_Telangana
KA_Ramanagara,KA_Bengaluru Rural
KA_Ramanagara,KA_Bengaluru Urban
KA_Ramanagara,KA_Chamarajanagara
KA_Ramanagara,KA_Mandya
KA_Ramanagara,KA_Tumakuru
KA_Ramanagara,TN_Krishnagiri
KA_Shivamogga,KA_Chikkamagaluru
KA_Shivamogga,KA_Davanagere
KA_Shivamogga,KA_Haveri
KA_Shivamogga,KA_Udupi
KA_Shivamogga,KA_Uttara Kannada
KA_Tumakuru,AP_Anantapur
KA_Tumakuru,KA_Bengaluru Rural
KA_Tumakuru,KA_Chikkaballapura
KA_Tumakuru,KA_Chikkamagaluru
KA_Tumakuru,KA_Chitradurga
KA_Tumakuru,KA_Hassan
KA_Tumakuru,KA_Mandya
KA_Tumakuru,KA_Ramanagara
KA_Udupi,KA_Chikkamagaluru
KA_Udupi,KA_Dakshina Kannada
KA_Udupi,KA_Shivamogga
KA_Udupi,KA_Uttara Kannada
KA_Uttara Kannada,GA_Goa
KA_Uttara Kannada,KA_Belagavi
KA_Uttara Kannada,KA_Dharwad
KA_Uttara Kannada,KA_Haveri
KA_Uttara Kannada,KA_Shivamogga
KA_Uttara Kannada,KA_Udupi
KA_Yadgir,KA_Bijapur
KA_Yadgir,KA_Kalaburagi
KA_Yadgir,KA_Raichur
KA_Yadgir,TG_Telangana
KL_Alappuzha,KL_Ernakulam
KL_Alappuzha,KL_Kollam
KL_Alappuzha,KL_Kottayam
KL_Ernakulam,KL_Alappuzha
KL_Ernakulam,KL_Idukki
KL_Ernakulam,KL_Kottayam
KL_Ernakulam,KL_Thrissur
KL_Ernakulam,TN_Coimbatore
KL_Idukki,KL_Ernakulam
KL_Idukki,KL_Kottayam
KL_Idukki,TN_Coimbatore
KL_Idukki,TN_Dindigul
KL_Idukki,TN_Theni
KL_Idukki,TN_Tirunelveli
KL_Idukki,TN_Tiruppur
KL_Idukki,TN_Virudhunagar
KL_Kannur,KA_Kodagu
KL_Kannur,KL_Kasaragod
KL_Kannur,KL_Kozhikode
KL_Kannur,KL_Wayanad
KL_Kannur,PY_Mahe
KL_Kasaragod,KA_Dakshina Kannada
KL_Kasaragod,KA_Kodagu
KL_Kasaragod,KL_Kannur
KL_Kollam,KL_Alappuzha
KL_Kollam,KL_Thiruvananthapuram
KL_Kollam,TN_Tirunelveli
KL_Kottayam,KL_Alappuzha
KL_Kottayam,KL_Ernakulam
KL_Kottayam,KL_Idukki
KL_Kozhikode,KL_Kannur
KL_Kozhikode,KL_Malappuram
KL_Kozhikode,KL_Wayanad
KL_Kozhikode,PY_Mahe
KL_Malappuram,KL_Kozhikode
KL_Malappuram,KL_Palakkad
KL_Malappuram,KL_Thrissur
KL_Malappuram,KL_Wayanad
KL_Malappuram,TN_Nilgiris
KL_Palakkad,KL_Malappuram
KL_Palakkad,KL_Thrissur
KL_Palakkad,TN_Coimbatore
KL_Palakkad,TN_Nilgiris
KL_Thiruvananthapuram,KL_Kollam
KL_Thiruvananthapuram,TN_Kanyakumari
KL_Thiruvananthapuram,TN_Tirunelveli
KL_Thrissur,KL_Ernakulam
KL_Thrissur,KL_Malappuram
KL_Thrissur,KL_Palakkad
KL_Thrissur,TN_Coimbatore
KL_Wayanad,KA_Chamarajanagara
KL_Wayanad,KA_Kodagu
KL_Wayanad,KA_Mysuru
KL_Wayanad,KL_Kannur
KL_Wayanad,KL_Kozhikode
KL_Wayanad,KL_Malappuram
KL_Wayanad,TN_Nilgiris
LA_Kargil,HP_Lahaul and Spiti
LA_Kargil,JK_Anantnag
LA_Kargil,JK_Bandipora
LA_Kargil,JK_Ganderbal
LA_Kargil,JK_Kishtwar
LA_Kargil,LA_Leh
LA_Leh,HP_Lahaul and Spiti
LA_Leh,LA_Kargil
MH_Ahmednagar,MH_Aurangabad
MH_Ahmednagar,MH_Beed
MH_Ahmednagar,MH_Nashik
MH_Ahmednagar,MH_Osmanabad
MH_Ahmednagar,MH_Pune
MH_Ahmednagar,MH_Solapur
MH_Ahmednagar,MH_Thane
MH_Akola,MH_Amravati
MH_Akola,MH_Buldhana
MH_Akola,MH_Washim
MH_Amravati,MH_Akola
MH_Amravati,MH_Buldhana
MH_Amravati,MH_Nagpur
MH_Amravati,MH_Wardha
MH_Amravati,MH_Washim
MH_Amravati,MH_Yavatmal
MH_Amravati,MP_Betul
MH_Amravati,MP_Burhanpur
MH_Amravati,MP_Chhindwara
MH_Amravati,MP_Khandwa
MH_Aurangabad,MH_Ahmednagar
MH_Aurangabad,MH_Beed
MH_Aurangabad,MH_Jalgaon
MH_Aurangabad,MH_Jalna
MH_Aurangabad,MH_Nashik
MH_Beed,MH_Ahmednagar
MH_Beed,MH_Aurangabad
MH_Beed,MH_Jalna
MH_Beed,MH_Latur
MH_Beed,MH_Osmanabad
MH_Bhandara,MH_Chandrapur
MH_Bhandara,MH_Gadchiroli
MH_Bhandara,MH_Gondia
MH_Bhandara,MH_Nagpur
MH_Bhandara,MP_Balaghat
MH_Buldhana,MH_Akola
MH_Buldhana,MH_Amravati
MH_Buldhana,MH_Jalgaon
MH_Buldhana,MH_Jalna
MH_Buldhana,MH_Washim
MH_Buldhana,MP_Burhanpur
MH_Chandrapur,MH_Bhandara
MH_Chandrapur,MH_Gadchiroli
MH_Chandrapur,MH_Nagpur
MH_Chandrapur,MH_Wardha
MH_Chandrapur,MH_Yavatmal
MH_Chandrapur,TG_Telangana
MH_Dhule,GJ_Dang
MH_Dhule,GJ_Tapi
MH_Dhule,MH_Jalgaon
MH_Dhule,MH_Nandurbar
MH_Dhule,MH_Nashik
MH_Dhule,MP_Barwani
MH_Gadchiroli,CT_Bijapur
MH_Gadchiroli,CT_Narayanpur
MH_Gadchiroli,CT_Rajnandgaon
MH_Gadchiroli,CT_Uttar Bastar Kanker
MH_Gadchiroli,MH_Bhandara
MH_Gadchiroli,MH_Chandrapur
MH_Gadchiroli,MH_Gondia
MH_Gadchiroli,TG_Telangana
MH_Gondia,CT_Rajnandgaon
MH_Gondia,MH_Bhandara
MH_Gondia,MH_Gadchiroli
MH_Gondia,MP_Balaghat
MH_Hingoli,MH_Nanded
MH_Hingoli,MH_Washim
MH_Hingoli,MH_Yavatmal
MH_Jalgaon,MH_Aurangabad
MH_Jalgaon,MH_Buldhana
MH_Jalgaon,MH_Dhule
MH_Jalgaon,MH_Jalna
MH_Jalgaon,MH_Nashik
MH_Jalgaon,MP_Barwani
MH_Jalgaon,MP_Burhanpur
MH_Jalgaon,MP_Khargone
MH_Jalna,MH_Aurangabad
MH_Jalna,MH_Beed
MH_Jalna,MH_Buldhana
MH_Jalna,MH_Jalgaon
MH_Kolhapur,KA_Belagavi
MH_Kolhapur,MH_Ratnagiri
MH_Kolhapur,MH_Sangli
MH_Kolhapur,MH_Sindhudurg
MH_Latur,KA_Bidar
MH_Latur,MH_Beed
MH_Latur,MH_Nanded
MH_Latur,MH_Osmanabad
MH_Mumbai,MH_Thane
MH_Nagpur,MH_Amravati
MH_Nagpur,MH_Bhandara
MH_Nagpur,MH_Chandrapur
MH_Nagpur,MH_Wardha
MH_Nagpur,MP_Balaghat
MH_Nagpur,MP_Chhindwara
MH_Nagpur,MP_Seoni
MH_Nanded,KA_Bidar
MH_Nanded,MH_Hingoli
MH_Nanded,MH_Latur
MH_Nanded,MH_Yavatmal
MH_Nanded,TG_Telangana
MH_Nandurbar,GJ_Chhota Udaipur
MH_Nandurbar,GJ_Narmada
MH_Nandurbar,GJ_Tapi
MH_Nandurbar,MH_Dhule
MH_Nandurbar,MP_Alirajpur
MH_Nandurbar,MP_Barwani
MH_Nashik,GJ_Dang
MH_Nashik,GJ_Navsari
MH_Nashik,GJ_Valsad
MH_Nashik,MH_Ahmednagar
MH_Nashik,MH_Aurangabad
MH_Nashik,MH_Dhule
MH_Nashik,MH_Jalgaon
MH_Nashik,MH_Palghar
MH_Nashik,MH_Thane
MH_Osmanabad,KA_Bidar
MH_Osmanabad,KA_Kalaburagi
MH_Osmanabad,MH_Ahmednagar
MH_Osmanabad,MH_Beed
MH_Osmanabad,MH_Latur
MH_Osmanabad,MH_Solapur
MH_Palghar,DN_Dadra and Nagar Haveli
MH_Palghar,GJ_Valsad
MH_Palghar,MH_Nashik
MH_Palghar,MH_Thane
MH_Pune,MH_Ahmednagar
MH_Pune,MH_Raigad
MH_Pune,MH_Satara
MH_Pune,MH_Solapur
MH_Pune,MH_Thane
MH_Raigad,MH_Pune
MH_Raigad,MH_Ratnagiri
MH_Raigad,MH_Satara
MH_Raigad,MH_Thane
MH_Ratnagiri,MH_Kolhapur
MH_Ratnagiri,MH_Raigad
MH_Ratnagiri,MH_Sangli
MH_Ratnagiri,MH_Satara
MH_Ratnagiri,MH_Sindhudurg
MH_Sangli,KA_Belagavi
MH_Sangli,KA_Bijapur
MH_Sangli,MH_Kolhapur
MH_Sangli,MH_Ratnagiri
MH_Sangli,MH_Satara
MH_Sangli,MH_Solapur
MH_Satara,MH_Pune
MH_Satara,MH_Raigad
MH_Satara,MH_Ratnagiri
MH_Satara,MH_Sangli
MH_Satara,MH_Solapur
MH_Sindhudurg,GA_Goa
MH_Sindhudurg,KA_Belagavi
MH_Sindhudurg,MH_Kolhapur
MH_Sindhudurg,MH_Ratnagiri
MH_Solapur,KA_Bijapur
MH_Solapur,KA_Kalaburagi
MH_Solapur,MH_Ahmednagar
MH_Solapur,MH_Osmanabad
MH_Solapur,MH_Pune
MH_Solapur,MH_Sangli
MH_Solapur,MH_Satara
MH_Thane,MH_Mumbai
MH_Thane,MH_Ahmednagar
MH_Thane,MH_Nashik
MH_Thane,MH_Palghar
MH_Thane,MH_Pune
MH_Thane,MH_Raigad
MH_Wardha,MH_Amravati
MH_Wardha,MH_Chandrapur
MH_Wardha,MH_Nagpur
MH_Wardha,MH_Yavatmal
MH_Washim,MH_Akola
MH_Washim,MH_Amravati
MH_Washim,MH_Buldhana
MH_Washim,MH_Hingoli
MH_Washim,MH_Yavatmal
MH_Yavatmal,MH_Amravati
MH_Yavatmal,MH_Chandrapur
MH_Yavatmal,MH_Hingoli
MH_Yavatmal,MH_Nanded
MH_Yavatmal,MH_Wardha
MH_Yavatmal,MH_Washim
MH_Yavatmal,TG_Telangana
ML_East Garo Hills,ML_North Garo Hills
ML_East Garo Hills,ML_South Garo Hills
ML_East Garo Hills,ML_West Garo Hills
ML_East Garo Hills,ML_West Khasi Hills
ML_East Jaintia Hills,AS_Assam
ML_East Jaintia Hills,ML_West Jaintia Hills
ML_East Khasi Hills,ML_Ribhoi
ML_East Khasi Hills,ML_South West Khasi Hills
ML_East Khasi Hills,ML_West Jaintia Hills
ML_East Khasi Hills,ML_West Khasi Hills
ML_North Garo Hills,AS_Assam
ML_North Garo Hills,ML_East Garo Hills
ML_North Garo Hills,ML_West Garo Hills
ML_North Garo Hills,ML_West Khasi Hills
ML_Ribhoi,AS_Assam
ML_Ribhoi,ML_East Khasi Hills
ML_Ribhoi,ML_West Jaintia Hills
ML_Ribhoi,ML_West Khasi Hills
ML_South Garo Hills,ML_East Garo Hills
ML_South Garo Hills,ML_South West Khasi Hills
ML_South Garo Hills,ML_West Garo Hills
ML_South Garo Hills,ML_West Khasi Hills
ML_South West Garo Hills,AS_Assam
ML_South West Garo Hills,ML_West Garo Hills
ML_South West Khasi Hills,ML_East Khasi Hills
ML_South West Khasi Hills,ML_South Garo Hills
ML_South West Khasi Hills,ML_West Khasi Hills
ML_West Garo Hills,AS_Assam
ML_West Garo Hills,ML_East Garo Hills
ML_West Garo Hills,ML_North Garo Hills
ML_West Garo Hills,ML_South Garo Hills
ML_West Garo Hills,ML_South West Garo Hills
ML_West Jaintia Hills,AS_Assam
ML_West Jaintia Hills,ML_East Jaintia Hills
ML_West Jaintia Hills,ML_East Khasi Hills
ML_West Jaintia Hills,ML_Ribhoi
ML_West Khasi Hills,AS_Assam
ML_West Khasi Hills,ML_East Garo Hills
ML_West Khasi Hills,ML_East Khasi Hills
ML_West Khasi Hills,ML_North Garo Hills
ML_West Khasi Hills,ML_Ribhoi
ML_West Khasi Hills,ML_South Garo Hills
ML_West Khasi Hills,ML_South West Khasi Hills
MN_Manipur,AS_Assam
MN_Manipur,MN_Manipur
MN_Manipur,MZ_Aizawl
MN_Manipur,MZ_Champhai
MN_Manipur,NL_Kohima
MN_Manipur,NL_Peren
MN_Manipur,NL_Phek
MP_Agar Malwa,MP_Rajgarh
MP_Agar Malwa,MP_Ratlam
MP_Agar Malwa,MP_Shajapur
MP_Agar Malwa,MP_Ujjain
MP_Agar Malwa,RJ_Jhalawar
MP_Alirajpur,GJ_Chhota Udaipur
MP_Alirajpur,GJ_Dahod
MP_Alirajpur,MH_Nandurbar
MP_Alirajpur,MP_Barwani
MP_Alirajpur,MP_Dhar
MP_Alirajpur,MP_Jhabua
MP_Anuppur,CT_Bilaspur
MP_Anuppur,CT_Koriya
MP_Anuppur,CT_Mungeli
MP_Anuppur,MP_Dindori
MP_Anuppur,MP_Shahdol
MP_Anuppur,MP_Umaria
MP_Ashoknagar,MP_Guna
MP_Ashoknagar,MP_Sagar
MP_Ashoknagar,MP_Shivpuri
MP_Ashoknagar,MP_Vidisha
MP_Ashoknagar,UP_Lalitpur
MP_Balaghat,CT_Kabeerdham
MP_Balaghat,CT_Rajnandgaon
MP_Balaghat,MH_Bhandara
MP_Balaghat,MH_Gondia
MP_Balaghat,MH_Nagpur
MP_Balaghat,MP_Mandla
MP_Balaghat,MP_Seoni
MP_Barwani,MH_Dhule
MP_Barwani,MH_Jalgaon
MP_Barwani,MH_Nandurbar
MP_Barwani,MP_Alirajpur
MP_Barwani,MP_Dhar
MP_Barwani,MP_Khargone
MP_Betul,MH_Amravati
MP_Betul,MP_Chhindwara
MP_Betul,MP_Harda
MP_Betul,MP_Hoshangabad
MP_Betul,MP_Khandwa
MP_Bhind,MP_Datia
MP_Bhind,MP_Gwalior
MP_Bhind,MP_Morena
MP_Bhind,UP_Agra
MP_Bhind,UP_Etawah
MP_Bhind,UP_Jalaun
MP_Bhind,UP_Jhansi
MP_Bhopal,MP_Guna
MP_Bhopal,MP_Raisen
MP_Bhopal,MP_Rajgarh
MP_Bhopal,MP_Sehore
MP_Bhopal,MP_Vidisha
MP_Burhanpur,MH_Amravati
MP_Burhanpur,MH_Buldhana
MP_Burhanpur,MH_Jalgaon
MP_Burhanpur,MP_Khandwa
MP_Burhanpur,MP_Khargone
MP_Chhatarpur,MP_Damoh
MP_Chhatarpur,MP_Panna
MP_Chhatarpur,MP_Sagar
MP_Chhatarpur,MP_Tikamgarh
MP_Chhatarpur,UP_Banda
MP_Chhatarpur,UP_Jhansi
MP_Chhatarpur,UP_Lalitpur
MP_Chhatarpur,UP_Mahoba
MP_Chhindwara,MH_Amravati
MP_Chhindwara,MH_Nagpur
MP_Chhindwara,MP_Betul
MP_Chhindwara,MP_Hoshangabad
MP_Chhindwara,MP_Narsinghpur
MP_Chhindwara,MP_Seoni
MP_Damoh,MP_Chhatarpur
MP_Damoh,MP_Jabalpur
MP_Damoh,MP_Katni
MP_Damoh,MP_Narsinghpur
MP_Damoh,MP_Panna
MP_Damoh,MP_Sagar
MP_Datia,MP_Bhind
MP_Datia,MP_Gwalior
MP_Datia,MP_Shivpuri
MP_Datia,UP_Jhansi
MP_Datia,UP_Lalitpur
MP_Dewas,MP_Harda
MP_Dewas,MP_Indore
MP_Dewas,MP_Khandwa
MP_Dewas,MP_Khargone
MP_Dewas,MP_Sehore
MP_Dewas,MP_Shajapur
MP_Dewas,MP_Ujjain
MP_Dhar,MP_Alirajpur
MP_Dhar,MP_Barwani
MP_Dhar,MP_Indore
MP_Dhar,MP_Jhabua
MP_Dhar,MP_Khargone
MP_Dhar,MP_Ratlam
MP_Dhar,MP_Ujjain
MP_Dindori,CT_Kabeerdham
MP_Dindori,CT_Mungeli
MP_Dindori,MP_Anuppur
MP_Dindori,MP_Jabalpur
MP_Dindori,MP_Mandla
MP_Dindori,MP_Umaria
MP_Guna,MP_Ashoknagar
MP_Guna,MP_Bhopal
MP_Guna,MP_Rajgarh
MP_Guna,MP_Shivpuri
MP_Guna,MP_Vidisha
MP_Guna,RJ_Baran
MP_Guna,RJ_Jhalawar
MP_Gwalior,MP_Bhind
MP_Gwalior,MP_Datia
MP_Gwalior,MP_Morena
MP_Gwalior,MP_Shivpuri
MP_Harda,MP_Betul
MP_Harda,MP_Dewas
MP_Harda,MP_Hoshangabad
MP_Harda,MP_Khandwa
MP_Harda,MP_Sehore
MP_Hoshangabad,MP_Betul
MP_Hoshangabad,MP_Chhindwara
MP_Hoshangabad,MP_Harda
MP_Hoshangabad,MP_Narsinghpur
MP_Hoshangabad,MP_Raisen
MP_Hoshangabad,MP_Sehore
MP_Indore,MP_Dewas
MP_Indore,MP_Dhar
MP_Indore,MP_Khargone
MP_Indore,MP_Ujjain
MP_Jabalpur,MP_Damoh
MP_Jabalpur,MP_Dindori
MP_Jabalpur,MP_Katni
MP_Jabalpur,MP_Mandla
MP_Jabalpur,MP_Narsinghpur
MP_Jabalpur,MP_Seoni
MP_Jabalpur,MP_Umaria
MP_Jhabua,GJ_Dahod
MP_Jhabua,MP_Alirajpur
MP_Jhabua,MP_Dhar
MP_Jhabua,MP_Ratlam
MP_Jhabua,RJ_Banswara
MP_Katni,MP_Damoh
MP_Katni,MP_Jabalpur
MP_Katni,MP_Panna
MP_Katni,MP_Satna
MP_Katni,MP_Umaria
MP_Khandwa,MH_Amravati
MP_Khandwa,MP_Betul
MP_Khandwa,MP_Burhanpur
MP_Khandwa,MP_Dewas
MP_Khandwa,MP_Harda
MP_Khandwa,MP_Khargone
MP_Khargone,MH_Jalgaon
MP_Khargone,MP_Barwani
MP_Khargone,MP_Burhanpur
MP_Khargone,MP_Dewas
MP_Khargone,MP_Dhar
MP_Khargone,MP_Indore
MP_Khargone,MP_Khandwa
MP_Mandla,CT_Kabeerdham
MP_Mandla,MP_Balaghat
MP_Mandla,MP_Dindori
MP_Mandla,MP_Jabalpur
MP_Mandla,MP_Seoni
MP_Mandsaur,MP_Neemuch
MP_Mandsaur,MP_Ratlam
MP_Mandsaur,RJ_Chittorgarh
MP_Mandsaur,RJ_Jhalawar
MP_Mandsaur,RJ_Kota
MP_Mandsaur,RJ_Pratapgarh
MP_Morena,MP_Bhind
MP_Morena,MP_Gwalior
MP_Morena,MP_Sheopur
MP_Morena,MP_Shivpuri
MP_Morena,RJ_Dholpur
MP_Morena,RJ_Karauli
MP_Morena,UP_Agra
MP_Narsinghpur,MP_Chhindwara
MP_Narsinghpur,MP_Damoh
MP_Narsinghpur,MP_Hoshangabad
MP_Narsinghpur,MP_Jabalpur
MP_Narsinghpur,MP_Raisen
MP_Narsinghpur,MP_Sagar
MP_Narsinghpur,MP_Seoni
MP_Neemuch,MP_Mandsaur
MP_Neemuch,RJ_Bhilwara
MP_Neemuch,RJ_Chittorgarh
MP_Neemuch,RJ_Pratapgarh
MP_Panna,MP_Chhatarpur
MP_Panna,MP_Damoh
MP_Panna,MP_Katni
MP_Panna,MP_Satna
MP_Panna,UP_Banda
MP_Raisen,MP_Bhopal
MP_Raisen,MP_Hoshangabad
MP_Raisen,MP_Narsinghpur
MP_Raisen,MP_Sagar
MP_Raisen,MP_Sehore
MP_Raisen,MP_Vidisha
MP_Rajgarh,MP_Agar Malwa
MP_Rajgarh,MP_Bhopal
MP_Rajgarh,MP_Guna
MP_Rajgarh,MP_Sehore
MP_Rajgarh,MP_Shajapur
MP_Rajgarh,RJ_Jhalawar
MP_Ratlam,MP_Agar Malwa
MP_Ratlam,MP_Dhar
MP_Ratlam,MP_Jhabua
MP_Ratlam,MP_Mandsaur
MP_Ratlam,MP_Ujjain
MP_Ratlam,RJ_Banswara
MP_Ratlam,RJ_Jhalawar
MP_Ratlam,RJ_Pratapgarh
MP_Rewa,MP_Satna
MP_Rewa,MP_Sidhi
MP_Rewa,MP_Singrauli
MP_Rewa,UP_Chitrakoot
MP_Rewa,UP_Mirzapur
MP_Rewa,UP_Prayagraj
MP_Sagar,MP_Ashoknagar
MP_Sagar,MP_Chhatarpur
MP_Sagar,MP_Damoh
MP_Sagar,MP_Narsinghpur
MP_Sagar,MP_Raisen
MP_Sagar,MP_Vidisha
MP_Sagar,UP_Lalitpur
MP_Satna,MP_Katni
MP_Satna,MP_Panna
MP_Satna,MP_Rewa
MP_Satna,MP_Shahdol
MP_Satna,MP_Sidhi
MP_Satna,MP_Umaria
MP_Satna,UP_Banda
MP_Satna,UP_Chitrakoot
MP_Sehore,MP_Bhopal
MP_Sehore,MP_Dewas
MP_Sehore,MP_Harda
MP_Sehore,MP_Hoshangabad
MP_Sehore,MP_Raisen
MP_Sehore,MP_Rajgarh
MP_Sehore,MP_Shajapur
MP_Seoni,MH_Nagpur
MP_Seoni,MP_Balaghat
MP_Seoni,MP_Chhindwara
MP_Seoni,MP_Jabalpur
MP_Seoni,MP_Mandla
MP_Seoni,MP_Narsinghpur
MP_Shahdol,CT_Koriya
MP_Shahdol,MP_Anuppur
MP_Shahdol,MP_Satna
MP_Shahdol,MP_Sidhi
MP_Shahdol,MP_Umaria
MP_Shajapur,MP_Agar Malwa
MP_Shajapur,MP_Dewas
MP_Shajapur,MP_Rajgarh
MP_Shajapur,MP_Sehore
MP_Shajapur,MP_Ujjain
MP_Sheopur,MP_Morena
MP_Sheopur,MP_Shivpuri
MP_Sheopur,RJ_Baran
MP_Sheopur,RJ_Karauli
MP_Sheopur,RJ_Kota
MP_Sheopur,RJ_Sawai Madhopur
MP_Shivpuri,MP_Ashoknagar
MP_Shivpuri,MP_Datia
MP_Shivpuri,MP_Guna
MP_Shivpuri,MP_Gwalior
MP_Shivpuri,MP_Morena
MP_Shivpuri,MP_Sheopur
MP_Shivpuri,RJ_Baran
MP_Shivpuri,UP_Jhansi
MP_Shivpuri,UP_Lalitpur
MP_Sidhi,CT_Koriya
MP_Sidhi,MP_Rewa
MP_Sidhi,MP_Satna
MP_Sidhi,MP_Shahdol
MP_Sidhi,MP_Singrauli
MP_Singrauli,CT_Balrampur
MP_Singrauli,CT_Koriya
MP_Singrauli,CT_Surajpur
MP_Singrauli,MP_Rewa
MP_Singrauli,MP_Sidhi
MP_Singrauli,UP_Mirzapur
MP_Singrauli,UP_Sonbhadra
MP_Tikamgarh,MP_Chhatarpur
MP_Tikamgarh,UP_Jhansi
MP_Tikamgarh,UP_Lalitpur
MP_Ujjain,MP_Agar Malwa
MP_Ujjain,MP_Dewas
MP_Ujjain,MP_Dhar
MP_Ujjain,MP_Indore
MP_Ujjain,MP_Ratlam
MP_Ujjain,MP_Shajapur
MP_Umaria,MP_Anuppur
MP_Umaria,MP_Dindori
MP_Umaria,MP_Jabalpur
MP_Umaria,MP_Katni
MP_Umaria,MP_Satna
MP_Umaria,MP_Shahdol
MP_Vidisha,MP_Ashoknagar
MP_Vidisha,MP_Bhopal
MP_Vidisha,MP_Guna
MP_Vidisha,MP_Raisen
MP_Vidisha,MP_Sagar
MZ_Aizawl,AS_Assam
MZ_Aizawl,MN_Manipur
MZ_Aizawl,MZ_Champhai
MZ_Aizawl,MZ_Kolasib
MZ_Aizawl,MZ_Lunglei
MZ_Aizawl,MZ_Mamit
MZ_Aizawl,MZ_Serchhip
MZ_Champhai,MN_Manipur
MZ_Champhai,MZ_Aizawl
MZ_Champhai,MZ_Serchhip
MZ_Kolasib,AS_Assam
MZ_Kolasib,MZ_Aizawl
MZ_Kolasib,MZ_Mamit
MZ_Lawngtlai,MZ_Lunglei
MZ_Lawngtlai,MZ_Saiha
MZ_Lunglei,MZ_Aizawl
MZ_Lunglei,MZ_Lawngtlai
MZ_Lunglei,MZ_Mamit
MZ_Lunglei,MZ_Serchhip
MZ_Mamit,AS_Assam
MZ_Mamit,MZ_Aizawl
MZ_Mamit,MZ_Kolasib
MZ_Mamit,MZ_Lunglei
MZ_Mamit,TR_North Tripura
MZ_Saiha,MZ_Lawngtlai
MZ_Serchhip,MZ_Aizawl
MZ_Serchhip,MZ_Champhai
MZ_Serchhip,MZ_Lunglei
NL_Dimapur,AS_Assam
NL_Dimapur,NL_Kohima
NL_Dimapur,NL_Peren
NL_Kiphire,NL_Phek
NL_Kiphire,NL_Tuensang
NL_Kiphire,NL_Zunheboto
NL_Kohima,AS_Assam
NL_Kohima,MN_Manipur
NL_Kohima,NL_Dimapur
NL_Kohima,NL_Peren
NL_Kohima,NL_Phek
NL_Kohima,NL_Wokha
NL_Kohima,NL_Zunheboto
NL_Longleng,AS_Assam
NL_Longleng,NL_Mokokchung
NL_Longleng,NL_Mon
NL_Longleng,NL_Tuensang
NL_Mokokchung,AS_Assam
NL_Mokokchung,NL_Longleng
NL_Mokokchung,NL_Tuensang
NL_Mokokchung,NL_Wokha
NL_Mokokchung,NL_Zunheboto
NL_Mon,AR_Longding
NL_Mon,AS_Assam
NL_Mon,NL_Longleng
NL_Mon,NL_Tuensang
NL_Peren,AS_Assam
NL_Peren,MN_Manipur
NL_Peren,NL_Dimapur
NL_Peren,NL_Kohima
NL_Phek,MN_Manipur
NL_Phek,NL_Kiphire
NL_Phek,NL_Kohima
NL_Phek,NL_Zunheboto
NL_Tuensang,NL_Kiphire
NL_Tuensang,NL_Longleng
NL_Tuensang,NL_Mokokchung
NL_Tuensang,NL_Mon
NL_Tuensang,NL_Zunheboto
NL_Wokha,AS_Assam
NL_Wokha,NL_Kohima
NL_Wokha,NL_Mokokchung
NL_Wokha,NL_Zunheboto
NL_Zunheboto,NL_Kiphire
NL_Zunheboto,NL_Kohima
NL_Zunheboto,NL_Mokokchung
NL_Zunheboto,NL_Phek
NL_Zunheboto,NL_Tuensang
NL_Zunheboto,NL_Wokha
OR_Angul,OR_Boudh
OR_Angul,OR_Cuttack
OR_Angul,OR_Deogarh
OR_Angul,OR_Dhenkanal
OR_Angul,OR_Kendujhar
OR_Angul,OR_Nayagarh
OR_Angul,OR_Sambalpur
OR_Angul,OR_Subarnapur
OR_Angul,OR_Sundargarh
OR_Balangir,OR_Bargarh
OR_Balangir,OR_Boudh
OR_Balangir,OR_Kalahandi
OR_Balangir,OR_Kandhamal
OR_Balangir,OR_Nuapada
OR_Balangir,OR_Subarnapur
OR_Balasore,OR_Bhadrak
OR_Balasore,OR_Kendujhar
OR_Balasore,OR_Mayurbhanj
OR_Balasore,WB_Jhargram
OR_Balasore,WB_Paschim Medinipur
OR_Balasore,WB_Purba Medinipur
OR_Bargarh,CT_Mahasamund
OR_Bargarh,CT_Raigarh
OR_Bargarh,OR_Balangir
OR_Bargarh,OR_Jharsuguda
OR_Bargarh,OR_Nuapada
OR_Bargarh,OR_Sambalpur
OR_Bargarh,OR_Subarnapur
OR_Bhadrak,OR_Balasore
OR_Bhadrak,OR_Jajpur
OR_Bhadrak,OR_Kendrapara
OR_Bhadrak,OR_Kendujhar
OR_Boudh,OR_Angul
OR_Boudh,OR_Balangir
OR_Boudh,OR_Kandhamal
OR_Boudh,OR_Nayagarh
OR_Boudh,OR_Subarnapur
OR_Cuttack,OR_Angul
OR_Cuttack,OR_Dhenkanal
OR_Cuttack,OR_Jagatsinghpur
OR_Cuttack,OR_Jajpur
OR_Cuttack,OR_Kendrapara
OR_Cuttack,OR_Khordha
OR_Cuttack,OR_Nayagarh
OR_Cuttack,OR_Puri
OR_Deogarh,OR_Angul
OR_Deogarh,OR_Sambalpur
OR_Deogarh,OR_Sundargarh
OR_Dhenkanal,OR_Angul
OR_Dhenkanal,OR_Cuttack
OR_Dhenkanal,OR_Jajpur
OR_Dhenkanal,OR_Kendujhar
OR_Gajapati,AP_Srikakulam
OR_Gajapati,OR_Ganjam
OR_Gajapati,OR_Kandhamal
OR_Gajapati,OR_Rayagada
OR_Ganjam,AP_Srikakulam
OR_Ganjam,OR_Gajapati
OR_Ganjam,OR_Kandhamal
OR_Ganjam,OR_Khordha
OR_Ganjam,OR_Nayagarh
OR_Ganjam,OR_Puri
OR_Jagatsinghpur,OR_Cuttack
OR_Jagatsinghpur,OR_Kendrapara
OR_Jagatsinghpur,OR_Puri
OR_Jajpur,OR_Bhadrak
OR_Jajpur,OR_Cuttack
OR_Jajpur,OR_Dhenkanal
OR_Jajpur,OR_Kendrapara
OR_Jajpur,OR_Kendujhar
OR_Jharsuguda,CT_Raigarh
OR_Jharsuguda,OR_Bargarh
OR_Jharsuguda,OR_Sambalpur
OR_Jharsuguda,OR_Sundargarh
OR_Kalahandi,CT_Gariaband
OR_Kalahandi,OR_Balangir
OR_Kalahandi,OR_Kandhamal
OR_Kalahandi,OR_Koraput
OR_Kalahandi,OR_Nabarangapur
OR_Kalahandi,OR_Nuapada
OR_Kalahandi,OR_Rayagada
OR_Kandhamal,OR_Balangir
OR_Kandhamal,OR_Boudh
OR_Kandhamal,OR_Gajapati
OR_Kandhamal,OR_Ganjam
OR_Kandhamal,OR_Kalahandi
OR_Kandhamal,OR_Nayagarh
OR_Kandhamal,OR_Rayagada
OR_Kendrapara,OR_Bhadrak
OR_Kendrapara,OR_Cuttack
OR_Kendrapara,OR_Jagatsinghpur
OR_Kendrapara,OR_Jajpur
OR_Kendujhar,JH_West Singhbhum
OR_Kendujhar,OR_Angul
OR_Kendujhar,OR_Balasore
OR_Kendujhar,OR_Bhadrak
OR_Kendujhar,OR_Dhenkanal
OR_Kendujhar,OR_Jajpur
OR_Kendujhar,OR_Mayurbhanj
OR_Kendujhar,OR_Sundargarh
OR_Khordha,OR_Cuttack
OR_Khordha,OR_Ganjam
OR_Khordha,OR_Nayagarh
OR_Khordha,OR_Puri
OR_Koraput,AP_Visakhapatnam
OR_Koraput,AP_Vizianagaram
OR_Koraput,CT_Bastar
OR_Koraput,OR_Kalahandi
OR_Koraput,OR_Malkangiri
OR_Koraput,OR_Nabarangapur
OR_Koraput,OR_Rayagada
OR_Malkangiri,AP_East Godavari
OR_Malkangiri,AP_Visakhapatnam
OR_Malkangiri,CT_Bastar
OR_Malkangiri,CT_Sukma
OR_Malkangiri,OR_Koraput
OR_Mayurbhanj,JH_East Singhbhum
OR_Mayurbhanj,JH_Saraikela-Kharsawan
OR_Mayurbhanj,JH_West Singhbhum
OR_Mayurbhanj,OR_Balasore
OR_Mayurbhanj,OR_Kendujhar
OR_Mayurbhanj,WB_Jhargram
OR_Nabarangapur,CT_Bastar
OR_Nabarangapur,CT_Dhamtari
OR_Nabarangapur,CT_Gariaband
OR_Nabarangapur,CT_Kondagaon
OR_Nabarangapur,OR_Kalahandi
OR_Nabarangapur,OR_Koraput
OR_Nayagarh,OR_Angul
OR_Nayagarh,OR_Boudh
OR_Nayagarh,OR_Cuttack
OR_Nayagarh,OR_Ganjam
OR_Nayagarh,OR_Kandhamal
OR_Nayagarh,OR_Khordha
OR_Nuapada,CT_Gariaband
OR_Nuapada,CT_Mahasamund
OR_Nuapada,OR_Balangir
OR_Nuapada,OR_Bargarh
OR_Nuapada,OR_Kalahandi
OR_Puri,OR_Cuttack
OR_Puri,OR_Ganjam
OR_Puri,OR_Jagatsinghpur
OR_Puri,OR_Khordha
OR_Rayagada,AP_Srikakulam
OR_Rayagada,AP_Vizianagaram
OR_Rayagada,OR_Gajapati
OR_Rayagada,OR_Kalahandi
OR_Rayagada,OR_Kandhamal
OR_Rayagada,OR_Koraput
OR_Sambalpur,OR_Angul
OR_Sambalpur,OR_Bargarh
OR_Sambalpur,OR_Deogarh
OR_Sambalpur,OR_Jharsuguda
OR_Sambalpur,OR_Subarnapur
OR_Sambalpur,OR_Sundargarh
OR_Subarnapur,OR_Angul
OR_Subarnapur,OR_Balangir
OR_Subarnapur,OR_Bargarh
OR_Subarnapur,OR_Boudh
OR_Subarnapur,OR_Sambalpur
OR_Sundargarh,CT_Jashpur
OR_Sundargarh,CT_Raigarh
OR_Sundargarh,JH_Simdega
OR_Sundargarh,JH_West Singhbhum
OR_Sundargarh,OR_Angul
OR_Sundargarh,OR_Deogarh
OR_Sundargarh,OR_Jharsuguda
OR_Sundargarh,OR_Kendujhar
OR_Sundargarh,OR_Sambalpur
PB_Amritsar,PB_Gurdaspur
PB_Amritsar,PB_Kapurthala
PB_Amritsar,PB_Tarn Taran
PB_Barnala,PB_Bathinda
PB_Barnala,PB_Ludhiana
PB_Barnala,PB_Mansa
PB_Barnala,PB_Moga
PB_Barnala,PB_Sangrur
PB_Bathinda,HR_Sirsa
PB_Bathinda,PB_Barnala
PB_Bathinda,PB_Faridkot
PB_Bathinda,PB_Mansa
PB_Bathinda,PB_Moga
PB_Bathinda,PB_Sri Muktsar Sahib
PB_Faridkot,PB_Bathinda
PB_Faridkot,PB_Ferozepur
PB_Faridkot,PB_Moga
PB_Faridkot,PB_Sri Muktsar Sahib
PB_Fatehgarh Sahib,PB_Ludhiana
PB_Fatehgarh Sahib,PB_Patiala
PB_Fatehgarh Sahib,PB_Rupnagar
PB_Fatehgarh Sahib,PB_S.A.S. Nagar
PB_Fatehgarh Sahib,PB_Sangrur
PB_Fazilka,PB_Ferozepur
PB_Fazilka,PB_Sri Muktsar Sahib
PB_Fazilka,RJ_Ganganagar
PB_Fazilka,RJ_Hanumangarh
PB_Ferozepur,PB_Faridkot
PB_Ferozepur,PB_Fazilka
PB_Ferozepur,PB_Jalandhar
PB_Ferozepur,PB_Kapurthala
PB_Ferozepur,PB_Moga
PB_Ferozepur,PB_Sri Muktsar Sahib
PB_Ferozepur,PB_Tarn Taran
PB_Gurdaspur,HP_Kangra
PB_Gurdaspur,PB_Amritsar
PB_Gurdaspur,PB_Hoshiarpur
PB_Gurdaspur,PB_Kapurthala
PB_Gurdaspur,PB_Pathankot
PB_Hoshiarpur,HP_Kangra
PB_Hoshiarpur,HP_Una
PB_Hoshiarpur,PB_Gurdaspur
PB_Hoshiarpur,PB_Jalandhar
PB_Hoshiarpur,PB_Kapurthala
PB_Hoshiarpur,PB_Rupnagar
PB_Hoshiarpur,PB_Shahid Bhagat Singh Nagar
PB_Jalandhar,PB_Ferozepur
PB_Jalandhar,PB_Hoshiarpur
PB_Jalandhar,PB_Kapurthala
PB_Jalandhar,PB_Ludhiana
PB_Jalandhar,PB_Moga
PB_Jalandhar,PB_Shahid Bhagat Singh Nagar
PB_Kapurthala,PB_Amritsar
PB_Kapurthala,PB_Ferozepur
PB_Kapurthala,PB_Gurdaspur
PB_Kapurthala,PB_Hoshiarpur
PB_Kapurthala,PB_Jalandhar
PB_Kapurthala,PB_Shahid Bhagat Singh Nagar
PB_Kapurthala,PB_Tarn Taran
PB_Ludhiana,PB_Barnala
PB_Ludhiana,PB_Fatehgarh Sahib
PB_Ludhiana,PB_Jalandhar
PB_Ludhiana,PB_Moga
PB_Ludhiana,PB_Rupnagar
PB_Ludhiana,PB_Sangrur
PB_Ludhiana,PB_Shahid Bhagat Singh Nagar
PB_Mansa,HR_Fatehabad
PB_Mansa,HR_Sirsa
PB_Mansa,PB_Barnala
PB_Mansa,PB_Bathinda
PB_Mansa,PB_Sangrur
PB_Moga,PB_Barnala
PB_Moga,PB_Bathinda
PB_Moga,PB_Faridkot
PB_Moga,PB_Ferozepur
PB_Moga,PB_Jalandhar
PB_Moga,PB_Ludhiana
PB_Pathankot,HP_Chamba
PB_Pathankot,HP_Kangra
PB_Pathankot,JK_Kathua
PB_Pathankot,PB_Gurdaspur
PB_Patiala,HR_Ambala
PB_Patiala,HR_Jind
PB_Patiala,HR_Kaithal
PB_Patiala,HR_Kurukshetra
PB_Patiala,PB_Fatehgarh Sahib
PB_Patiala,PB_S.A.S. Nagar
PB_Patiala,PB_Sangrur
PB_Rupnagar,HP_Bilaspur
PB_Rupnagar,HP_Solan
PB_Rupnagar,HP_Una
PB_Rupnagar,PB_Fatehgarh Sahib
PB_Rupnagar,PB_Hoshiarpur
PB_Rupnagar,PB_Ludhiana
PB_Rupnagar,PB_S.A.S. Nagar
PB_Rupnagar,PB_Shahid Bhagat Singh Nagar
PB_S.A.S. Nagar,CH_Chandigarh
PB_S.A.S. Nagar,HP_Solan
PB_S.A.S. Nagar,HR_Ambala
PB_S.A.S. Nagar,HR_Panchkula
PB_S.A.S. Nagar,PB_Fatehgarh Sahib
PB_S.A.S. Nagar,PB_Patiala
PB_S.A.S. Nagar,PB_Rupnagar
PB_Sangrur,HR_Fatehabad
PB_Sangrur,HR_Jind
PB_Sangrur,PB_Barnala
PB_Sangrur,PB_Fatehgarh Sahib
PB_Sangrur,PB_Ludhiana
PB_Sangrur,PB_Mansa
PB_Sangrur,PB_Patiala
PB_Shahid Bhagat Singh Nagar,PB_Hoshiarpur
PB_Shahid Bhagat Singh Nagar,PB_Jalandhar
PB_Shahid Bhagat Singh Nagar,PB_Kapurthala
PB_Shahid Bhagat Singh Nagar,PB_Ludhiana
PB_Shahid Bhagat Singh Nagar,PB_Rupnagar
PB_Sri Muktsar Sahib,HR_Sirsa
PB_Sri Muktsar Sahib,PB_Bathinda
PB_Sri Muktsar Sahib,PB_Faridkot
PB_Sri Muktsar Sahib,PB_Fazilka
PB_Sri Muktsar Sahib,PB_Ferozepur
PB_Sri Muktsar Sahib,RJ_Hanumangarh
PB_Tarn Taran,PB_Amritsar
PB_Tarn Taran,PB_Ferozepur
PB_Tarn Taran,PB_Kapurthala
PY_Karaikal,TN_Nagapattinam
PY_Karaikal,TN_Thiruvarur
PY_Mahe,KL_Kannur
PY_Mahe,KL_Kozhikode
PY_Puducherry,TN_Cuddalore
PY_Puducherry,TN_Viluppuram
RJ_Ajmer,RJ_Bhilwara
RJ_Ajmer,RJ_Jaipur
RJ_Ajmer,RJ_Nagaur
RJ_Ajmer,RJ_Pali
RJ_Ajmer,RJ_Rajsamand
RJ_Ajmer,RJ_Tonk
RJ_Alwar,HR_Mahendragarh
RJ_Alwar,HR_Nuh
RJ_Alwar,HR_Rewari
RJ_Alwar,RJ_Bharatpur
RJ_Alwar,RJ_Dausa
RJ_Alwar,RJ_Jaipur
RJ_Banswara,GJ_Dahod
RJ_Banswara,GJ_Mahisagar
RJ_Banswara,MP_Jhabua
RJ_Banswara,MP_Ratlam
RJ_Banswara,RJ_Dungarpur
RJ_Banswara,RJ_Pratapgarh
RJ_Baran,MP_Guna
RJ_Baran,MP_Sheopur
RJ_Baran,MP_Shivpuri
RJ_Baran,RJ_Jhalawar
RJ_Baran,RJ_Kota
RJ_Barmer,GJ_Kutch
RJ_Barmer,RJ_Jaisalmer
RJ_Barmer,RJ_Jalore
RJ_Barmer,RJ_Jodhpur
RJ_Barmer,RJ_Pali
RJ_Bharatpur,HR_Nuh
RJ_Bharatpur,RJ_Alwar
RJ_Bharatpur,RJ_Dausa
RJ_Bharatpur,RJ_Dholpur
RJ_Bharatpur,RJ_Karauli
RJ_Bharatpur,UP_Agra
RJ_Bharatpur,UP_Mathura
RJ_Bhilwara,MP_Neemuch
RJ_Bhilwara,RJ_Ajmer
RJ_Bhilwara,RJ_Bundi
RJ_Bhilwara,RJ_Chittorgarh
RJ_Bhilwara,RJ_Rajsamand
RJ_Bhilwara,RJ_Tonk
RJ_Bikaner,RJ_Churu
RJ_Bikaner,RJ_Ganganagar
RJ_Bikaner,RJ_Hanumangarh
RJ_Bikaner,RJ_Jaisalmer
RJ_Bikaner,RJ_Jodhpur
RJ_Bikaner,RJ_Nagaur
RJ_Bundi,RJ_Bhilwara
RJ_Bundi,RJ_Chittorgarh
RJ_Bundi,RJ_Kota
RJ_Bundi,RJ_Sawai Madhopur
RJ_Bundi,RJ_Tonk
RJ_Chittorgarh,MP_Mandsaur
RJ_Chittorgarh,MP_Neemuch
RJ_Chittorgarh,RJ_Bhilwara
RJ_Chittorgarh,RJ_Bundi
RJ_Chittorgarh,RJ_Kota
RJ_Chittorgarh,RJ_Pratapgarh
RJ_Chittorgarh,RJ_Rajsamand
RJ_Chittorgarh,RJ_Udaipur
RJ_Churu,HR_Bhiwani
RJ_Churu,RJ_Bikaner
RJ_Churu,RJ_Hanumangarh
RJ_Churu,RJ_Jhunjhunu
RJ_Churu,RJ_Nagaur
RJ_Churu,RJ_Sikar
RJ_Dausa,RJ_Alwar
RJ_Dausa,RJ_Bharatpur
RJ_Dausa,RJ_Jaipur
RJ_Dausa,RJ_Karauli
RJ_Dausa,RJ_Sawai Madhopur
RJ_Dausa,RJ_Tonk
RJ_Dholpur,MP_Morena
RJ_Dholpur,RJ_Bharatpur
RJ_Dholpur,RJ_Karauli
RJ_Dholpur,UP_Agra
RJ_Dungarpur,GJ_Aravalli
RJ_Dungarpur,GJ_Mahisagar
RJ_Dungarpur,RJ_Banswara
RJ_Dungarpur,RJ_Pratapgarh
RJ_Dungarpur,RJ_Udaipur
RJ_Ganganagar,PB_Fazilka
RJ_Ganganagar,RJ_Bikaner
RJ_Ganganagar,RJ_Hanumangarh
RJ_Hanumangarh,HR_Bhiwani
RJ_Hanumangarh,HR_Fatehabad
RJ_Hanumangarh,HR_Hisar
RJ_Hanumangarh,HR_Sirsa
RJ_Hanumangarh,PB_Fazilka
RJ_Hanumangarh,PB_Sri Muktsar Sahib
RJ_Hanumangarh,RJ_Bikaner
RJ_Hanumangarh,RJ_Churu
RJ_Hanumangarh,RJ_Ganganagar
RJ_Jaipur,HR_Mahendragarh
RJ_Jaipur,RJ_Ajmer
RJ_Jaipur,RJ_Alwar
RJ_Jaipur,RJ_Dausa
RJ_Jaipur,RJ_Nagaur
RJ_Jaipur,RJ_Sikar
RJ_Jaipur,RJ_Tonk
RJ_Jaisalmer,RJ_Barmer
RJ_Jaisalmer,RJ_Bikaner
RJ_Jaisalmer,RJ_Jodhpur
RJ_Jalore,GJ_Banaskantha
RJ_Jalore,GJ_Kutch
RJ_Jalore,RJ_Barmer
RJ_Jalore,RJ_Pali
RJ_Jalore,RJ_Sirohi
RJ_Jhalawar,MP_Agar Malwa
RJ_Jhalawar,MP_Guna
RJ_Jhalawar,MP_Mandsaur
RJ_Jhalawar,MP_Rajgarh
RJ_Jhalawar,MP_Ratlam
RJ_Jhalawar,RJ_Baran
RJ_Jhalawar,RJ_Kota
RJ_Jhunjhunu,HR_Bhiwani
RJ_Jhunjhunu,HR_Mahendragarh
RJ_Jhunjhunu,RJ_Churu
RJ_Jhunjhunu,RJ_Sikar
RJ_Jodhpur,RJ_Barmer
RJ_Jodhpur,RJ_Bikaner
RJ_Jodhpur,RJ_Jaisalmer
RJ_Jodhpur,RJ_Nagaur
RJ_Jodhpur,RJ_Pali
RJ_Karauli,MP_Morena
RJ_Karauli,MP_Sheopur
RJ_Karauli,RJ_Bharatpur
RJ_Karauli,RJ_Dausa
RJ_Karauli,RJ_Dholpur
RJ_Karauli,RJ_Sawai Madhopur
RJ_Kota,MP_Mandsaur
RJ_Kota,MP_Sheopur
RJ_Kota,RJ_Baran
RJ_Kota,RJ_Bundi
RJ_Kota,RJ_Chittorgarh
RJ_Kota,RJ_Jhalawar
RJ_Kota,RJ_Sawai Madhopur
RJ_Nagaur,RJ_Ajmer
RJ_Nagaur,RJ_Bikaner
RJ_Nagaur,RJ_Churu
RJ_Nagaur,RJ_Jaipur
RJ_Nagaur,RJ_Jodhpur
RJ_Nagaur,RJ_Pali
RJ_Nagaur,RJ_Sikar
RJ_Pali,RJ_Ajmer
RJ_Pali,RJ_Barmer
RJ_Pali,RJ_Jalore
RJ_Pali,RJ_Jodhpur
RJ_Pali,RJ_Nagaur
RJ_Pali,RJ_Rajsamand
RJ_Pali,RJ_Sirohi
RJ_Pali,RJ_Udaipur
RJ_Pratapgarh,MP_Mandsaur
RJ_Pratapgarh,MP_Neemuch
RJ_Pratapgarh,MP_Ratlam
RJ_Pratapgarh,RJ_Banswara
RJ_Pratapgarh,RJ_Chittorgarh
RJ_Pratapgarh,RJ_Dungarpur
RJ_Pratapgarh,RJ_Udaipur
RJ_Rajsamand,RJ_Ajmer
RJ_Rajsamand,RJ_Bhilwara
RJ_Rajsamand,RJ_Chittorgarh
RJ_Rajsamand,RJ_Pali
RJ_Rajsamand,RJ_Udaipur
RJ_Sawai Madhopur,MP_Sheopur
RJ_Sawai Madhopur,RJ_Bundi
RJ_Sawai Madhopur,RJ_Dausa
RJ_Sawai Madhopur,RJ_Karauli
RJ_Sawai Madhopur,RJ_Kota
RJ_Sawai Madhopur,RJ_Tonk
RJ_Sikar,HR_Mahendragarh
RJ_Sikar,RJ_Churu
RJ_Sikar,RJ_Jaipur
RJ_Sikar,RJ_Jhunjhunu
RJ_Sikar,RJ_Nagaur
RJ_Sirohi,GJ_Banaskantha
RJ_Sirohi,GJ_Sabarkantha
RJ_Sirohi,RJ_Jalore
RJ_Sirohi,RJ_Pali
RJ_Sirohi,RJ_Udaipur
RJ_Tonk,RJ_Ajmer
RJ_Tonk,RJ_Bhilwara
RJ_Tonk,RJ_Bundi
RJ_Tonk,RJ_Dausa
RJ_Tonk,RJ_Jaipur
RJ_Tonk,RJ_Sawai Madhopur
RJ_Udaipur,GJ_Aravalli
RJ_Udaipur,GJ_Sabarkantha
RJ_Udaipur,RJ_Chittorgarh
RJ_Udaipur,RJ_Dungarpur
RJ_Udaipur,RJ_Pali
RJ_Udaipur,RJ_Pratapgarh
RJ_Udaipur,RJ_Rajsamand
RJ_Udaipur,RJ_Sirohi
SK_Sikkim,SK_Sikkim
SK_Sikkim,WB_Darjeeling
SK_Sikkim,WB_Kalimpong
TG_Telangana,AP_East Godavari
TG_Telangana,AP_Guntur
TG_Telangana,AP_Krishna
TG_Telangana,AP_Kurnool
TG_Telangana,AP_Prakasam
TG_Telangana,AP_West Godavari
TG_Telangana,CT_Bijapur
TG_Telangana,CT_Sukma
TG_Telangana,KA_Bidar
TG_Telangana,KA_Kalaburagi
TG_Telangana,KA_Raichur
TG_Telangana,KA_Yadgir
TG_Telangana,MH_Chandrapur
TG_Telangana,MH_Gadchiroli
TG_Telangana,MH_Nanded
TG_Telangana,MH_Yavatmal
TG_Telangana,TG_Telangana
TN_Ariyalur,TN_Cuddalore
TN_Ariyalur,TN_Perambalur
TN_Ariyalur,TN_Thanjavur
TN_Ariyalur,TN_Tiruchirappalli
TN_Chennai,TN_Kancheepuram
TN_Chennai,TN_Thiruvallur
TN_Coimbatore,KL_Ernakulam
TN_Coimbatore,KL_Idukki
TN_Coimbatore,KL_Palakkad
TN_Coimbatore,KL_Thrissur
TN_Coimbatore,TN_Erode
TN_Coimbatore,TN_Nilgiris
TN_Coimbatore,TN_Tiruppur
TN_Cuddalore,PY_Puducherry
TN_Cuddalore,TN_Ariyalur
TN_Cuddalore,TN_Kallakurichi
TN_Cuddalore,TN_Nagapattinam
TN_Cuddalore,TN_Perambalur
TN_Cuddalore,TN_Thanjavur
TN_Cuddalore,TN_Viluppuram
TN_Dharmapuri,KA_Chamarajanagara
TN_Dharmapuri,TN_Erode
TN_Dharmapuri,TN_Kallakurichi
TN_Dharmapuri,TN_Krishnagiri
TN_Dharmapuri,TN_Salem
TN_Dharmapuri,TN_Tiruvannamalai
TN_Dindigul,KL_Idukki
TN_Dindigul,TN_Karur
TN_Dindigul,TN_Madurai
TN_Dindigul,TN_Theni
TN_Dindigul,TN_Tiruchirappalli
TN_Dindigul,TN_Tiruppur
TN_Erode,KA_Chamarajanagara
TN_Erode,TN_Coimbatore
TN_Erode,TN_Dharmapuri
TN_Erode,TN_Karur
TN_Erode,TN_Namakkal
TN_Erode,TN_Nilgiris
TN_Erode,TN_Salem
TN_Erode,TN_Tiruppur
TN_Kallakurichi,TN_Cuddalore
TN_Kallakurichi,TN_Dharmapuri
TN_Kallakurichi,TN_Perambalur
TN_Kallakurichi,TN_Salem
TN_Kallakurichi,TN_Tiruvannamalai
TN_Kallakurichi,TN_Viluppuram
TN_Kancheepuram,TN_Chennai
TN_Kancheepuram,TN_Thiruvallur
TN_Kancheepuram,TN_Tiruvannamalai
TN_Kancheepuram,TN_Vellore
TN_Kancheepuram,TN_Viluppuram
TN_Kanyakumari,KL_Thiruvananthapuram
TN_Kanyakumari,TN_Tirunelveli
TN_Karur,TN_Dindigul
TN_Karur,TN_Erode
TN_Karur,TN_Namakkal
TN_Karur,TN_Tiruchirappalli
TN_Karur,TN_Tiruppur
TN_Krishnagiri,AP_Chittoor
TN_Krishnagiri,KA_Bengaluru Rural
TN_Krishnagiri,KA_Bengaluru Urban
TN_Krishnagiri,KA_Chamarajanagara
TN_Krishnagiri,KA_Kolar
TN_Krishnagiri,KA_Ramanagara
TN_Krishnagiri,TN_Dharmapuri
TN_Krishnagiri,TN_Tiruvannamalai
TN_Krishnagiri,TN_Vellore
TN_Madurai,TN_Dindigul
TN_Madurai,TN_Sivaganga
TN_Madurai,TN_Theni
TN_Madurai,TN_Tiruchirappalli
TN_Madurai,TN_Virudhunagar
TN_Nagapattinam,PY_Karaikal
TN_Nagapattinam,TN_Cuddalore
TN_Nagapattinam,TN_Thanjavur
TN_Nagapattinam,TN_Thiruvarur
TN_Namakkal,TN_Erode
TN_Namakkal,TN_Karur
TN_Namakkal,TN_Salem
TN_Namakkal,TN_Tiruchirappalli
TN_Nilgiris,KA_Chamarajanagara
TN_Nilgiris,KL_Malappuram
TN_Nilgiris,KL_Palakkad
TN_Nilgiris,KL_Wayanad
TN_Nilgiris,TN_Coimbatore
TN_Nilgiris,TN_Erode
TN_Perambalur,TN_Ariyalur
TN_Perambalur,TN_Cuddalore
TN_Perambalur,TN_Kallakurichi
TN_Perambalur,TN_Salem
TN_Perambalur,TN_Tiruchirappalli
TN_Pudukkottai,TN_Ramanathapuram
TN_Pudukkottai,TN_Sivaganga
TN_Pudukkottai,TN_Thanjavur
TN_Pudukkottai,TN_Tiruchirappalli
TN_Ramanathapuram,TN_Pudukkottai
TN_Ramanathapuram,TN_Sivaganga
TN_Ramanathapuram,TN_Thoothukkudi
TN_Ramanathapuram,TN_Virudhunagar
TN_Salem,KA_Chamarajanagara
TN_Salem,TN_Dharmapuri
TN_Salem,TN_Erode
TN_Salem,TN_Kallakurichi
TN_Salem,TN_Namakkal
TN_Salem,TN_Perambalur
TN_Salem,TN_Tiruchirappalli
TN_Sivaganga,TN_Madurai
TN_Sivaganga,TN_Pudukkottai
TN_Sivaganga,TN_Ramanathapuram
TN_Sivaganga,TN_Tiruchirappalli
TN_Sivaganga,TN_Virudhunagar
TN_Thanjavur,TN_Ariyalur
TN_Thanjavur,TN_Cuddalore
TN_Thanjavur,TN_Nagapattinam
TN_Thanjavur,TN_Pudukkottai
TN_Thanjavur,TN_Thiruvarur
TN_Thanjavur,TN_Tiruchirappalli
TN_Theni,KL_Idukki
TN_Theni,TN_Dindigul
TN_Theni,TN_Madurai
TN_Theni,TN_Virudhunagar
TN_Thiruvallur,AP_Chittoor
TN_Thiruvallur,AP_S.P.S. Nellore
TN_Thiruvallur,TN_Chennai
TN_Thiruvallur,TN_Kancheepuram
TN_Thiruvallur,TN_Vellore
TN_Thiruvarur,PY_Karaikal
TN_Thiruvarur,TN_Nagapattinam
TN_Thiruvarur,TN_Thanjavur
TN_Thoothukkudi,TN_Ramanathapuram
TN_Thoothukkudi,TN_Tirunelveli
TN_Thoothukkudi,TN_Virudhunagar
TN_Tiruchirappalli,TN_Ariyalur
TN_Tiruchirappalli,TN_Dindigul
TN_Tiruchirappalli,TN_Karur
TN_Tiruchirappalli,TN_Madurai
TN_Tiruchirappalli,TN_Namakkal
TN_Tiruchirappalli,TN_Perambalur
TN_Tiruchirappalli,TN_Pudukkottai
TN_Tiruchirappalli,TN_Salem
TN_Tiruchirappalli,TN_Sivaganga
TN_Tiruchirappalli,TN_Thanjavur
TN_Tirunelveli,KL_Idukki
TN_Tirunelveli,KL_Kollam
TN_Tirunelveli,KL_Thiruvananthapuram
TN_Tirunelveli,TN_Kanyakumari
TN_Tirunelveli,TN_Thoothukkudi
TN_Tirunelveli,TN_Virudhunagar
TN_Tiruppur,KL_Idukki
TN_Tiruppur,TN_Coimbatore
TN_Tiruppur,TN_Dindigul
TN_Tiruppur,TN_Erode
TN_Tiruppur,TN_Karur
TN_Tiruvannamalai,TN_Dharmapuri
TN_Tiruvannamalai,TN_Kallakurichi
TN_Tiruvannamalai,TN_Kancheepuram
TN_Tiruvannamalai,TN_Krishnagiri
TN_Tiruvannamalai,TN_Vellore
TN_Tiruvannamalai,TN_Viluppuram
TN_Vellore,AP_Chittoor
TN_Vellore,TN_Kancheepuram
TN_Vellore,TN_Krishnagiri
TN_Vellore,TN_Thiruvallur
TN_Vellore,TN_Tiruvannamalai
TN_Viluppuram,PY_Puducherry
TN_Viluppuram,TN_Cuddalore
TN_Viluppuram,TN_Kallakurichi
TN_Viluppuram,TN_Kancheepuram
TN_Viluppuram,TN_Tiruvannamalai
TN_Virudhunagar,KL_Idukki
TN_Virudhunagar,TN_Madurai
TN_Virudhunagar,TN_Ramanathapuram
TN_Virudhunagar,TN_Sivaganga
TN_Virudhunagar,TN_Theni
TN_Virudhunagar,TN_Thoothukkudi
TN_Virudhunagar,TN_Tirunelveli
TR_Dhalai,TR_Gomati
TR_Dhalai,TR_Khowai
TR_Dhalai,TR_North Tripura
TR_Dhalai,TR_Unokoti
TR_Gomati,TR_Dhalai
TR_Gomati,TR_Khowai
TR_Gomati,TR_Sipahijala
TR_Gomati,TR_South Tripura
TR_Khowai,TR_Dhalai
TR_Khowai,TR_Gomati
TR_Khowai,TR_Sipahijala
TR_Khowai,TR_West Tripura
TR_North Tripura,AS_Assam
TR_North Tripura,MZ_Mamit
TR_North Tripura,TR_Dhalai
TR_North Tripura,TR_Unokoti
TR_Sipahijala,TR_Gomati
TR_Sipahijala,TR_Khowai
TR_Sipahijala,TR_South Tripura
TR_Sipahijala,TR_West Tripura
TR_South Tripura,TR_Gomati
TR_South Tripura,TR_Sipahijala
TR_Unokoti,TR_Dhalai
TR_Unokoti,TR_North Tripura
TR_West Tripura,TR_Khowai
TR_West Tripura,TR_Sipahijala
UP_Agra,MP_Bhind
UP_Agra,MP_Morena
UP_Agra,RJ_Bharatpur
UP_Agra,RJ_Dholpur
UP_Agra,UP_Etah
UP_Agra,UP_Etawah
UP_Agra,UP_Firozabad
UP_Agra,UP_Hathras
UP_Agra,UP_Mathura
UP_Aligarh,HR_Palwal
UP_Aligarh,UP_Budaun
UP_Aligarh,UP_Bulandshahr
UP_Aligarh,UP_Gautam Buddha Nagar
UP_Aligarh,UP_Hathras
UP_Aligarh,UP_Kasganj
UP_Aligarh,UP_Mathura
UP_Aligarh,UP_Sambhal
UP_Ambedkar Nagar,MZ_Aizawl
UP_Ambedkar Nagar,UP_Azamgarh
UP_Ambedkar Nagar,UP_Basti
UP_Ambedkar Nagar,UP_Gorakhpur
UP_Ambedkar Nagar,UP_Sant Kabir Nagar
UP_Ambedkar Nagar,UP_Sultanpur
UP_Amethi,MZ_Aizawl
UP_Amethi,UP_Barabanki
UP_Amethi,UP_Pratapgarh
UP_Amethi,UP_Rae Bareli
UP_Amethi,UP_Sultanpur
UP_Amroha,UP_Bijnor
UP_Amroha,UP_Bulandshahr
UP_Amroha,UP_Hapur
UP_Amroha,UP_Meerut
UP_Amroha,UP_Moradabad
UP_Amroha,UP_Sambhal
UP_Auraiya,UP_Etawah
UP_Auraiya,UP_Jalaun
UP_Auraiya,UP_Kannauj
UP_Auraiya,UP_Kanpur Dehat
UP_Azamgarh,UP_Ambedkar Nagar
UP_Azamgarh,UP_Ghazipur
UP_Azamgarh,UP_Gorakhpur
UP_Azamgarh,UP_Jaunpur
UP_Azamgarh,UP_Mau
UP_Azamgarh,UP_Sultanpur
UP_Baghpat,DL_Delhi
UP_Baghpat,HR_Panipat
UP_Baghpat,HR_Sonipat
UP_Baghpat,UP_Ghaziabad
UP_Baghpat,UP_Meerut
UP_Baghpat,UP_Muzaffarnagar
UP_Baghpat,UP_Shamli
UP_Bahraich,UP_Barabanki
UP_Bahraich,UP_Gonda
UP_Bahraich,UP_Shrawasti
UP_Bahraich,UP_Sitapur
UP_Ballia,BR_Bhojpur
UP_Ballia,BR_Buxar
UP_Ballia,BR_Saran
UP_Ballia,BR_Siwan
UP_Ballia,UP_Deoria
UP_Ballia,UP_Ghazipur
UP_Ballia,UP_Mau
UP_Balrampur,UP_Gonda
UP_Balrampur,UP_Shrawasti
UP_Balrampur,UP_Siddharthnagar
UP_Banda,MP_Chhatarpur
UP_Banda,MP_Panna
UP_Banda,MP_Satna
UP_Banda,UP_Chitrakoot
UP_Banda,UP_Fatehpur
UP_Banda,UP_Hamirpur
UP_Banda,UP_Mahoba
UP_Barabanki,MZ_Aizawl
UP_Barabanki,UP_Amethi
UP_Barabanki,UP_Bahraich
UP_Barabanki,UP_Gonda
UP_Barabanki,UP_Lucknow
UP_Barabanki,UP_Rae Bareli
UP_Barabanki,UP_Sitapur
UP_Bareilly,UP_Budaun
UP_Bareilly,UP_Pilibhit
UP_Bareilly,UP_Pratapgarh
UP_Bareilly,UP_Rampur
UP_Bareilly,UP_Shahjahanpur
UP_Bareilly,UT_Udham Singh Nagar
UP_Basti,MZ_Aizawl
UP_Basti,UP_Ambedkar Nagar
UP_Basti,UP_Gonda
UP_Basti,UP_Sant Kabir Nagar
UP_Basti,UP_Siddharthnagar
UP_Bhadohi,UP_Jaunpur
UP_Bhadohi,UP_Mirzapur
UP_Bhadohi,UP_Prayagraj
UP_Bhadohi,UP_Varanasi
UP_Bijnor,UP_Amroha
UP_Bijnor,UP_Meerut
UP_Bijnor,UP_Moradabad
UP_Bijnor,UP_Muzaffarnagar
UP_Bijnor,UT_Haridwar
UP_Bijnor,UT_Nainital
UP_Bijnor,UT_Pauri Garhwal
UP_Bijnor,UT_Udham Singh Nagar
UP_Budaun,UP_Aligarh
UP_Budaun,UP_Bareilly
UP_Budaun,UP_Farrukhabad
UP_Budaun,UP_Kasganj
UP_Budaun,UP_Moradabad
UP_Budaun,UP_Rampur
UP_Budaun,UP_Sambhal
UP_Budaun,UP_Shahjahanpur
UP_Bulandshahr,UP_Aligarh
UP_Bulandshahr,UP_Amroha
UP_Bulandshahr,UP_Gautam Buddha Nagar
UP_Bulandshahr,UP_Hapur
UP_Bulandshahr,UP_Sambhal
UP_Chandauli,BR_Kaimur
UP_Chandauli,UP_Ghazipur
UP_Chandauli,UP_Mirzapur
UP_Chandauli,UP_Sonbhadra
UP_Chandauli,UP_Varanasi
UP_Chitrakoot,MP_Rewa
UP_Chitrakoot,MP_Satna
UP_Chitrakoot,UP_Banda
UP_Chitrakoot,UP_Fatehpur
UP_Chitrakoot,UP_Kaushambi
UP_Chitrakoot,UP_Prayagraj
UP_Deoria,BR_Gopalganj
UP_Deoria,BR_Siwan
UP_Deoria,UP_Ballia
UP_Deoria,UP_Gorakhpur
UP_Deoria,UP_Kushinagar
UP_Deoria,UP_Mau
UP_Etah,UP_Agra
UP_Etah,UP_Farrukhabad
UP_Etah,UP_Firozabad
UP_Etah,UP_Hathras
UP_Etah,UP_Kasganj
UP_Etah,UP_Mainpuri
UP_Etawah,MP_Bhind
UP_Etawah,UP_Agra
UP_Etawah,UP_Auraiya
UP_Etawah,UP_Firozabad
UP_Etawah,UP_Jalaun
UP_Etawah,UP_Kannauj
UP_Etawah,UP_Mainpuri
UP_Farrukhabad,UP_Budaun
UP_Farrukhabad,UP_Etah
UP_Farrukhabad,UP_Hardoi
UP_Farrukhabad,UP_Kannauj
UP_Farrukhabad,UP_Kasganj
UP_Farrukhabad,UP_Mainpuri
UP_Farrukhabad,UP_Shahjahanpur
UP_Fatehpur,UP_Banda
UP_Fatehpur,UP_Chitrakoot
UP_Fatehpur,UP_Hamirpur
UP_Fatehpur,UP_Kanpur Nagar
UP_Fatehpur,UP_Kaushambi
UP_Fatehpur,UP_Pratapgarh
UP_Fatehpur,UP_Rae Bareli
UP_Fatehpur,UP_Unnao
UP_Firozabad,UP_Agra
UP_Firozabad,UP_Etah
UP_Firozabad,UP_Etawah
UP_Firozabad,UP_Mainpuri
UP_Gautam Buddha Nagar,DL_Delhi
UP_Gautam Buddha Nagar,HR_Faridabad
UP_Gautam Buddha Nagar,HR_Palwal
UP_Gautam Buddha Nagar,UP_Aligarh
UP_Gautam Buddha Nagar,UP_Bulandshahr
UP_Gautam Buddha Nagar,UP_Ghaziabad
UP_Gautam Buddha Nagar,UP_Hapur
UP_Ghaziabad,DL_Delhi
UP_Ghaziabad,UP_Baghpat
UP_Ghaziabad,UP_Gautam Buddha Nagar
UP_Ghaziabad,UP_Hapur
UP_Ghaziabad,UP_Meerut
UP_Ghazipur,BR_Buxar
UP_Ghazipur,BR_Kaimur
UP_Ghazipur,UP_Azamgarh
UP_Ghazipur,UP_Ballia
UP_Ghazipur,UP_Chandauli
UP_Ghazipur,UP_Jaunpur
UP_Ghazipur,UP_Mau
UP_Ghazipur,UP_Varanasi
UP_Gonda,MZ_Aizawl
UP_Gonda,UP_Bahraich
UP_Gonda,UP_Balrampur
UP_Gonda,UP_Barabanki
UP_Gonda,UP_Basti
UP_Gonda,UP_Shrawasti
UP_Gonda,UP_Siddharthnagar
UP_Gorakhpur,UP_Ambedkar Nagar
UP_Gorakhpur,UP_Azamgarh
UP_Gorakhpur,UP_Deoria
UP_Gorakhpur,UP_Kushinagar
UP_Gorakhpur,UP_Maharajganj
UP_Gorakhpur,UP_Mau
UP_Gorakhpur,UP_Sant Kabir Nagar
UP_Gorakhpur,UP_Siddharthnagar
UP_Hamirpur,UP_Banda
UP_Hamirpur,UP_Fatehpur
UP_Hamirpur,UP_Jalaun
UP_Hamirpur,UP_Jhansi
UP_Hamirpur,UP_Kanpur Dehat
UP_Hamirpur,UP_Kanpur Nagar
UP_Hamirpur,UP_Mahoba
UP_Hapur,UP_Amroha
UP_Hapur,UP_Bulandshahr
UP_Hapur,UP_Gautam Buddha Nagar
UP_Hapur,UP_Ghaziabad
UP_Hapur,UP_Meerut
UP_Hardoi,UP_Farrukhabad
UP_Hardoi,UP_Kannauj
UP_Hardoi,UP_Kanpur Nagar
UP_Hardoi,UP_Lucknow
UP_Hardoi,UP_Shahjahanpur
UP_Hardoi,UP_Sitapur
UP_Hardoi,UP_Unnao
UP_Hathras,UP_Agra
UP_Hathras,UP_Aligarh
UP_Hathras,UP_Etah
UP_Hathras,UP_Kasganj
UP_Hathras,UP_Mathura
UP_Jalaun,MP_Bhind
UP_Jalaun,UP_Auraiya
UP_Jalaun,UP_Etawah
UP_Jalaun,UP_Hamirpur
UP_Jalaun,UP_Jhansi
UP_Jalaun,UP_Kanpur Dehat
UP_Jaunpur,UP_Azamgarh
UP_Jaunpur,UP_Bhadohi
UP_Jaunpur,UP_Ghazipur
UP_Jaunpur,UP_Pratapgarh
UP_Jaunpur,UP_Prayagraj
UP_Jaunpur,UP_Sultanpur
UP_Jaunpur,UP_Varanasi
UP_Jhansi,MP_Bhind
UP_Jhansi,MP_Chhatarpur
UP_Jhansi,MP_Datia
UP_Jhansi,MP_Shivpuri
UP_Jhansi,MP_Tikamgarh
UP_Jhansi,UP_Hamirpur
UP_Jhansi,UP_Jalaun
UP_Jhansi,UP_Lalitpur
UP_Jhansi,UP_Mahoba
UP_Kannauj,UP_Auraiya
UP_Kannauj,UP_Etawah
UP_Kannauj,UP_Farrukhabad
UP_Kannauj,UP_Hardoi
UP_Kannauj,UP_Kanpur Dehat
UP_Kannauj,UP_Kanpur Nagar
UP_Kannauj,UP_Mainpuri
UP_Kanpur Dehat,UP_Auraiya
UP_Kanpur Dehat,UP_Hamirpur
UP_Kanpur Dehat,UP_Jalaun
UP_Kanpur Dehat,UP_Kannauj
UP_Kanpur Dehat,UP_Kanpur Nagar
UP_Kanpur Nagar,UP_Fatehpur
UP_Kanpur Nagar,UP_Hamirpur
UP_Kanpur Nagar,UP_Hardoi
UP_Kanpur Nagar,UP_Kannauj
UP_Kanpur Nagar,UP_Kanpur Dehat
UP_Kanpur Nagar,UP_Unnao
UP_Kasganj,UP_Aligarh
UP_Kasganj,UP_Budaun
UP_Kasganj,UP_Etah
UP_Kasganj,UP_Farrukhabad
UP_Kasganj,UP_Hathras
UP_Kaushambi,UP_Chitrakoot
UP_Kaushambi,UP_Fatehpur
UP_Kaushambi,UP_Pratapgarh
UP_Kaushambi,UP_Prayagraj
UP_Kaushambi,UP_Rae Bareli
UP_Kushinagar,BR_Gopalganj
UP_Kushinagar,BR_West Champaran
UP_Kushinagar,UP_Deoria
UP_Kushinagar,UP_Gorakhpur
UP_Kushinagar,UP_Maharajganj
UP_Lalitpur,MP_Ashoknagar
UP_Lalitpur,MP_Chhatarpur
UP_Lalitpur,MP_Datia
UP_Lalitpur,MP_Sagar
UP_Lalitpur,MP_Shivpuri
UP_Lalitpur,MP_Tikamgarh
UP_Lalitpur,UP_Jhansi
UP_Lucknow,UP_Barabanki
UP_Lucknow,UP_Hardoi
UP_Lucknow,UP_Rae Bareli
UP_Lucknow,UP_Sitapur
UP_Lucknow,UP_Unnao
UP_Maharajganj,BR_West Champaran
UP_Maharajganj,UP_Gorakhpur
UP_Maharajganj,UP_Kushinagar
UP_Maharajganj,UP_Siddharthnagar
UP_Mahoba,MP_Chhatarpur
UP_Mahoba,UP_Banda
UP_Mahoba,UP_Hamirpur
UP_Mahoba,UP_Jhansi
UP_Mainpuri,UP_Etah
UP_Mainpuri,UP_Etawah
UP_Mainpuri,UP_Farrukhabad
UP_Mainpuri,UP_Firozabad
UP_Mainpuri,UP_Kannauj
UP_Mathura,HR_Nuh
UP_Mathura,HR_Palwal
UP_Mathura,RJ_Bharatpur
UP_Mathura,UP_Agra
UP_Mathura,UP_Aligarh
UP_Mathura,UP_Hathras
UP_Mau,UP_Azamgarh
UP_Mau,UP_Ballia
UP_Mau,UP_Deoria
UP_Mau,UP_Ghazipur
UP_Mau,UP_Gorakhpur
UP_Meerut,UP_Amroha
UP_Meerut,UP_Baghpat
UP_Meerut,UP_Bijnor
UP_Meerut,UP_Ghaziabad
UP_Meerut,UP_Hapur
UP_Meerut,UP_Muzaffarnagar
UP_Mirzapur,MP_Rewa
UP_Mirzapur,MP_Singrauli
UP_Mirzapur,UP_Bhadohi
UP_Mirzapur,UP_Chandauli
UP_Mirzapur,UP_Prayagraj
UP_Mirzapur,UP_Sonbhadra
UP_Mirzapur,UP_Varanasi
UP_Moradabad,UP_Amroha
UP_Moradabad,UP_Bijnor
UP_Moradabad,UP_Budaun
UP_Moradabad,UP_Rampur
UP_Moradabad,UP_Sambhal
UP_Moradabad,UT_Udham Singh Nagar
UP_Muzaffarnagar,UP_Baghpat
UP_Muzaffarnagar,UP_Bijnor
UP_Muzaffarnagar,UP_Meerut
UP_Muzaffarnagar,UP_Saharanpur
UP_Muzaffarnagar,UP_Shamli
UP_Muzaffarnagar,UT_Haridwar
UP_Pilibhit,UP_Bareilly
UP_Pilibhit,UP_Shahjahanpur
UP_Pilibhit,UT_Udham Singh Nagar
UP_Pratapgarh,UP_Amethi
UP_Pratapgarh,UP_Bareilly
UP_Pratapgarh,UP_Fatehpur
UP_Pratapgarh,UP_Jaunpur
UP_Pratapgarh,UP_Kaushambi
UP_Pratapgarh,UP_Prayagraj
UP_Pratapgarh,UP_Sultanpur
UP_Prayagraj,MP_Rewa
UP_Prayagraj,UP_Bhadohi
UP_Prayagraj,UP_Chitrakoot
UP_Prayagraj,UP_Jaunpur
UP_Prayagraj,UP_Kaushambi
UP_Prayagraj,UP_Mirzapur
UP_Prayagraj,UP_Pratapgarh
UP_Rae Bareli,UP_Amethi
UP_Rae Bareli,UP_Barabanki
UP_Rae Bareli,UP_Fatehpur
UP_Rae Bareli,UP_Kaushambi
UP_Rae Bareli,UP_Lucknow
UP_Rae Bareli,UP_Unnao
UP_Rampur,UP_Bareilly
UP_Rampur,UP_Budaun
UP_Rampur,UP_Moradabad
UP_Rampur,UT_Udham Singh Nagar
UP_Saharanpur,HP_Sirmaur
UP_Saharanpur,HR_Karnal
UP_Saharanpur,HR_Yamunanagar
UP_Saharanpur,UP_Muzaffarnagar
UP_Saharanpur,UP_Shamli
UP_Saharanpur,UT_Dehradun
UP_Saharanpur,UT_Haridwar
UP_Sambhal,UP_Aligarh
UP_Sambhal,UP_Amroha
UP_Sambhal,UP_Budaun
UP_Sambhal,UP_Bulandshahr
UP_Sambhal,UP_Moradabad
UP_Sant Kabir Nagar,UP_Ambedkar Nagar
UP_Sant Kabir Nagar,UP_Basti
UP_Sant Kabir Nagar,UP_Gorakhpur
UP_Sant Kabir Nagar,UP_Siddharthnagar
UP_Shahjahanpur,UP_Bareilly
UP_Shahjahanpur,UP_Budaun
UP_Shahjahanpur,UP_Farrukhabad
UP_Shahjahanpur,UP_Hardoi
UP_Shahjahanpur,UP_Pilibhit
UP_Shamli,HR_Karnal
UP_Shamli,HR_Panipat
UP_Shamli,UP_Baghpat
UP_Shamli,UP_Muzaffarnagar
UP_Shamli,UP_Saharanpur
UP_Shrawasti,UP_Bahraich
UP_Shrawasti,UP_Balrampur
UP_Shrawasti,UP_Gonda
UP_Siddharthnagar,UP_Balrampur
UP_Siddharthnagar,UP_Basti
UP_Siddharthnagar,UP_Gonda
UP_Siddharthnagar,UP_Gorakhpur
UP_Siddharthnagar,UP_Maharajganj
UP_Siddharthnagar,UP_Sant Kabir Nagar
UP_Sitapur,UP_Bahraich
UP_Sitapur,UP_Barabanki
UP_Sitapur,UP_Hardoi
UP_Sitapur,UP_Lucknow
UP_Sonbhadra,BR_Kaimur
UP_Sonbhadra,BR_Rohtas
UP_Sonbhadra,CT_Balrampur
UP_Sonbhadra,JH_Garhwa
UP_Sonbhadra,MP_Singrauli
UP_Sonbhadra,UP_Chandauli
UP_Sonbhadra,UP_Mirzapur
UP_Sultanpur,MZ_Aizawl
UP_Sultanpur,UP_Ambedkar Nagar
UP_Sultanpur,UP_Amethi
UP_Sultanpur,UP_Azamgarh
UP_Sultanpur,UP_Jaunpur
UP_Sultanpur,UP_Pratapgarh
UP_Unnao,UP_Fatehpur
UP_Unnao,UP_Hardoi
UP_Unnao,UP_Kanpur Nagar
UP_Unnao,UP_Lucknow
UP_Unnao,UP_Rae Bareli
UP_Varanasi,UP_Bhadohi
UP_Varanasi,UP_Chandauli
UP_Varanasi,UP_Ghazipur
UP_Varanasi,UP_Jaunpur
UP_Varanasi,UP_Mirzapur
UT_Almora,UT_Bageshwar
UT_Almora,UT_Chamoli
UT_Almora,UT_Champawat
UT_Almora,UT_Nainital
UT_Almora,UT_Pauri Garhwal
UT_Almora,UT_Pithoragarh
UT_Bageshwar,UT_Almora
UT_Bageshwar,UT_Chamoli
UT_Bageshwar,UT_Pithoragarh
UT_Chamoli,UT_Almora
UT_Chamoli,UT_Bageshwar
UT_Chamoli,UT_Pauri Garhwal
UT_Chamoli,UT_Pithoragarh
UT_Chamoli,UT_Rudraprayag
UT_Chamoli,UT_Uttarkashi
UT_Champawat,UT_Almora
UT_Champawat,UT_Nainital
UT_Champawat,UT_Pithoragarh
UT_Champawat,UT_Udham Singh Nagar
UT_Dehradun,HP_Shimla
UT_Dehradun,HP_Sirmaur
UT_Dehradun,UP_Saharanpur
UT_Dehradun,UT_Haridwar
UT_Dehradun,UT_Pauri Garhwal
UT_Dehradun,UT_Tehri Garhwal
UT_Dehradun,UT_Uttarkashi
UT_Haridwar,UP_Bijnor
UT_Haridwar,UP_Muzaffarnagar
UT_Haridwar,UP_Saharanpur
UT_Haridwar,UT_Dehradun
UT_Haridwar,UT_Pauri Garhwal
UT_Nainital,UP_Bijnor
UT_Nainital,UT_Almora
UT_Nainital,UT_Champawat
UT_Nainital,UT_Pauri Garhwal
UT_Nainital,UT_Udham Singh Nagar
UT_Pauri Garhwal,UP_Bijnor
UT_Pauri Garhwal,UT_Almora
UT_Pauri Garhwal,UT_Chamoli
UT_Pauri Garhwal,UT_Dehradun
UT_Pauri Garhwal,UT_Haridwar
UT_Pauri Garhwal,UT_Nainital
UT_Pauri Garhwal,UT_Rudraprayag
UT_Pauri Garhwal,UT_Tehri Garhwal
UT_Pithoragarh,UT_Almora
UT_Pithoragarh,UT_Bageshwar
UT_Pithoragarh,UT_Chamoli
UT_Pithoragarh,UT_Champawat
UT_Rudraprayag,UT_Chamoli
UT_Rudraprayag,UT_Pauri Garhwal
UT_Rudraprayag,UT_Tehri Garhwal
UT_Rudraprayag,UT_Uttarkashi
UT_Tehri Garhwal,UT_Dehradun
UT_Tehri Garhwal,UT_Pauri Garhwal
UT_Tehri Garhwal,UT_Rudraprayag
UT_Tehri Garhwal,UT_Uttarkashi
UT_Udham Singh Nagar,UP_Bareilly
UT_Udham Singh Nagar,UP_Bijnor
UT_Udham Singh Nagar,UP_Moradabad
UT_Udham Singh Nagar,UP_Pilibhit
UT_Udham Singh Nagar,UP_Rampur
UT_Udham Singh Nagar,UT_Champawat
UT_Udham Singh Nagar,UT_Nainital
UT_Uttarkashi,HP_Kinnaur
UT_Uttarkashi,HP_Shimla
UT_Uttarkashi,UT_Chamoli
UT_Uttarkashi,UT_Dehradun
UT_Uttarkashi,UT_Rudraprayag
UT_Uttarkashi,UT_Tehri Garhwal
WB_Alipurduar,AS_Assam
WB_Alipurduar,WB_Cooch Behar
WB_Alipurduar,WB_Jalpaiguri
WB_Bankura,WB_Hooghly
WB_Bankura,WB_Jhargram
WB_Bankura,WB_Paschim Bardhaman
WB_Bankura,WB_Paschim Medinipur
WB_Bankura,WB_Purba Bardhaman
WB_Bankura,WB_Purulia
WB_Birbhum,JH_Dumka
WB_Birbhum,JH_Jamtara
WB_Birbhum,JH_Pakur
WB_Birbhum,WB_Murshidabad
WB_Birbhum,WB_Paschim Bardhaman
WB_Birbhum,WB_Purba Bardhaman
WB_Cooch Behar,AS_Assam
WB_Cooch Behar,WB_Alipurduar
WB_Cooch Behar,WB_Jalpaiguri
WB_Dakshin Dinajpur,WB_Malda
WB_Dakshin Dinajpur,WB_Uttar Dinajpur
WB_Darjeeling,BR_Kishanganj
WB_Darjeeling,SK_Sikkim
WB_Darjeeling,WB_Jalpaiguri
WB_Darjeeling,WB_Kalimpong
WB_Darjeeling,WB_Uttar Dinajpur
WB_Hooghly,WB_Bankura
WB_Hooghly,WB_Howrah
WB_Hooghly,WB_Nadia
WB_Hooghly,WB_North 24 Parganas
WB_Hooghly,WB_Paschim Medinipur
WB_Hooghly,WB_Purba Bardhaman
WB_Howrah,WB_Hooghly
WB_Howrah,WB_Kolkata
WB_Howrah,WB_North 24 Parganas
WB_Howrah,WB_Paschim Medinipur
WB_Howrah,WB_Purba Medinipur
WB_Howrah,WB_South 24 Parganas
WB_Jalpaiguri,WB_Alipurduar
WB_Jalpaiguri,WB_Cooch Behar
WB_Jalpaiguri,WB_Darjeeling
WB_Jalpaiguri,WB_Kalimpong
WB_Jhargram,JH_East Singhbhum
WB_Jhargram,OR_Balasore
WB_Jhargram,OR_Mayurbhanj
WB_Jhargram,WB_Bankura
WB_Jhargram,WB_Paschim Medinipur
WB_Jhargram,WB_Purulia
WB_Kalimpong,SK_Sikkim
WB_Kalimpong,WB_Darjeeling
WB_Kalimpong,WB_Jalpaiguri
WB_Kolkata,WB_Howrah
WB_Kolkata,WB_North 24 Parganas
WB_Kolkata,WB_South 24 Parganas
WB_Malda,BR_Katihar
WB_Malda,JH_Sahibganj
WB_Malda,WB_Dakshin Dinajpur
WB_Malda,WB_Murshidabad
WB_Malda,WB_Uttar Dinajpur
WB_Murshidabad,JH_Pakur
WB_Murshidabad,JH_Sahibganj
WB_Murshidabad,WB_Birbhum
WB_Murshidabad,WB_Malda
WB_Murshidabad,WB_Nadia
WB_Murshidabad,WB_Purba Bardhaman
WB_Nadia,WB_Hooghly
WB_Nadia,WB_Murshidabad
WB_Nadia,WB_North 24 Parganas
WB_Nadia,WB_Purba Bardhaman
WB_North 24 Parganas,WB_Hooghly
WB_North 24 Parganas,WB_Howrah
WB_North 24 Parganas,WB_Kolkata
WB_North 24 Parganas,WB_Nadia
WB_North 24 Parganas,WB_South 24 Parganas
WB_Paschim Bardhaman,JH_Dhanbad
WB_Paschim Bardhaman,JH_Jamtara
WB_Paschim Bardhaman,WB_Bankura
WB_Paschim Bardhaman,WB_Birbhum
WB_Paschim Bardhaman,WB_Purba Bardhaman
WB_Paschim Bardhaman,WB_Purulia
WB_Paschim Medinipur,OR_Balasore
WB_Paschim Medinipur,WB_Bankura
WB_Paschim Medinipur,WB_Hooghly
WB_Paschim Medinipur,WB_Howrah
WB_Paschim Medinipur,WB_Jhargram
WB_Paschim Medinipur,WB_Purba Medinipur
WB_Purba Bardhaman,WB_Bankura
WB_Purba Bardhaman,WB_Birbhum
WB_Purba Bardhaman,WB_Hooghly
WB_Purba Bardhaman,WB_Murshidabad
WB_Purba Bardhaman,WB_Nadia
WB_Purba Bardhaman,WB_Paschim Bardhaman
WB_Purba Medinipur,OR_Balasore
WB_Purba Medinipur,WB_Howrah
WB_Purba Medinipur,WB_Paschim Medinipur
WB_Purba Medinipur,WB_South 24 Parganas
WB_Purulia,JH_Bokaro
WB_Purulia,JH_Dhanbad
WB_Purulia,JH_East Singhbhum
WB_Purulia,JH_Ramgarh
WB_Purulia,JH_Ranchi
WB_Purulia,JH_Saraikela-Kharsawan
WB_Purulia,WB_Bankura
WB_Purulia,WB_Jhargram
WB_Purulia,WB_Paschim Bardhaman
WB_South 24 Parganas,WB_Howrah
WB_South 24 Parganas,WB_Kolkata
WB_South 24 Parganas,WB_North 24 Parganas
WB_South 24 Parganas,WB_Purba Medinipur
WB_Uttar Dinajpur,BR_Katihar
WB_Uttar Dinajpur,BR_Kishanganj
WB_Uttar Dinajpur,BR_Purnia
WB_Uttar Dinajpur,WB_Dakshin Dinajpur
WB_Uttar Dinajpur,WB_Darjeeling
WB_Uttar Dinajpur,WB_Malda
